Date,Open,High,Low,Close,Adj Close,Volume
41862,173.600006,179.100006,172.399994,178.070007,172.836182,694300
41863,178.820007,183.830002,177.199997,182.649994,177.281555,811415
41864,181.699997,181.699997,174.720001,175.830002,170.662003,889575
41865,176.399994,177.369995,173.199997,175.789993,170.623184,754085
41869,175.199997,178.199997,174.399994,177.160004,171.952927,608090
41870,177.669998,179.199997,175.910004,177.5,172.282928,817310
41871,177.399994,177.600006,174.449997,176.039993,170.865829,537310
41872,176.399994,181.699997,175.630005,180.229996,174.932693,1049235
41873,181,185.929993,181,183.970001,178.562759,1179590
41876,184,186.100006,178.199997,179.139999,173.874725,756550
41877,179.199997,179.199997,175.899994,178.179993,172.942932,496685
41878,179,180.380005,177,177.550003,172.331467,540985
41879,177.949997,178.529999,173.330002,174.169998,169.050797,642185
41883,174.399994,178.600006,174.399994,177.860001,172.632339,562135
41884,177.470001,180.600006,176.399994,177.759995,172.535278,652760
41885,178.139999,179.179993,176.050003,177.309998,172.098511,677445
41886,175.800003,176.610001,174.309998,175.360001,170.205826,384690
41887,175.399994,177.979996,174.5,177.020004,171.817032,647380
41890,178.199997,178.759995,176.800003,178.039993,172.807037,327795
41891,178.380005,182,176.860001,180.660004,175.350052,660910
41892,179,182.580002,178.050003,181.339996,176.010056,1082475
41893,182.979996,186.190002,182.339996,184.740005,179.310135,849090
41894,184.600006,189.389999,182.720001,188.830002,183.279907,931460
41897,188.399994,192,186.119995,190.059998,184.47377,915225
41898,190,191.990005,183.639999,184.690002,179.261597,674070
41899,186.020004,186.809998,182.520004,185.75,180.290436,463760
41900,185.589996,192.199997,184.440002,191.380005,185.754974,765270
41901,192,193.199997,187.399994,189.820007,184.240829,944460
41904,189.360001,192.669998,187.600006,190.789993,185.182297,546675
41905,190.800003,191.600006,185,185.720001,180.261322,512510
41906,185.720001,192.300003,179.210007,181.080002,175.757706,996520
41907,181.300003,181.300003,173.929993,177.559998,172.341156,967660
41908,178.330002,180.960007,172.5,179.559998,174.282379,2109455
41911,180.399994,181.550003,177.520004,179.75,174.466797,939965
41912,179.399994,182,178.020004,180.5,175.194748,1302670
41913,180.589996,181.729996,176.600006,179.679993,174.398834,1180175
41919,179.979996,179.979996,172.800003,173.25,168.157837,773045
41920,172.740005,175.380005,169.399994,171.619995,166.57576,1209420
41921,172.820007,176.880005,172.820007,174.470001,169.34198,653630
41922,173.399994,174.759995,166.309998,171.75,166.701935,764245
41925,171.589996,174.199997,170.139999,173.059998,167.973434,591290
41926,174.809998,176,171.399994,174.460007,169.332291,764805
41927,174.460007,174.460007,174.460007,174.460007,169.332291,0
41928,173.25,177.100006,172.380005,173.460007,168.361679,1350465
41929,174.399994,175.630005,172.580002,174.429993,169.303162,1097645
41932,176.440002,191.869995,173.149994,174.669998,169.536102,1037360
41933,174.800003,177.759995,174.800003,176.779999,171.584091,908715
41934,178.259995,179.490005,176.399994,177.570007,172.350876,676650
41939,176.419998,181.880005,176.419998,180.800003,175.485947,610060
41940,181.259995,184.809998,181.259995,184.110001,178.698639,549255
41941,184.399994,185.039993,180.229996,181.100006,175.77713,564140
41942,180.970001,183.169998,179.419998,182.470001,177.106857,505410
41943,183.029999,186.960007,182.600006,186.100006,180.630157,586480
41946,186.199997,190.679993,184.929993,189.869995,184.289337,570035
41948,191,192.880005,188.899994,190.539993,184.939651,791405
41950,191.100006,193.979996,185,192.119995,186.473221,1474945
41953,193.419998,198.470001,193.419998,196.570007,190.792419,794220
41954,196.649994,203.779999,194.710007,202.149994,196.208405,957255
41955,202.199997,204.800003,200.809998,203.720001,197.732269,1029345
41956,204,204.100006,199.029999,199.720001,193.849838,441235
41957,199.800003,203.669998,199.050003,203.009995,197.043137,523175
41960,202.960007,211.979996,200.800003,211.169998,204.963303,768475
41961,212,213.5,209.25,210.509995,204.322693,657905
41962,211,211.199997,205.800003,207.449997,201.352631,373135
41963,208.020004,208.5,202.600006,205.110001,199.081406,406980
41964,205.820007,210.699997,204.449997,207.770004,201.663239,870805
41967,208.220001,211.089996,207,208.279999,202.158234,643625
41968,209,209,201.429993,202.619995,196.664597,522790
41969,201.800003,204.720001,200.160004,202.369995,196.421936,890350
41970,202.149994,205.580002,202.149994,202.960007,196.994614,634735
41971,203.800003,219.589996,203.800003,217.639999,211.243134,1790665
41974,217.800003,220.710007,215.050003,216.75,210.379303,1092935
41975,216,221.539993,212.919998,216.850006,210.476364,1174710
41976,217.600006,220.479996,216.380005,217.479996,211.08783,404540
41977,217.5,220,214.639999,216.789993,210.418106,1136655
41978,217.339996,223.940002,216.339996,221,214.504379,974715
41981,222.740005,225.119995,216,217.199997,210.816071,742525
41982,216.020004,219.160004,208.639999,209.910004,203.740341,730505
41983,209.199997,215.020004,209.100006,214.399994,208.098358,1358860
41984,214.110001,217.600006,209.5,214.490005,208.18573,707700
41985,215.800003,216.789993,209.660004,211.940002,205.710678,700345
41988,211,216.199997,209.809998,211.089996,204.885651,616475
41989,210.25,212.800003,201.009995,201.919998,195.985168,784115
41990,199.600006,204.600006,197.020004,201.679993,195.752213,843035
41991,206.199997,212.600006,205.020004,211.210007,205.002121,647565
41992,213,214.199997,207,208.350006,202.226196,692870
41995,208.399994,212,206.5,211.25,205.040955,418340
41996,213.600006,215.960007,210.610001,211.869995,205.642715,582850
41997,212.199997,213.589996,210.800003,211.910004,205.681564,506110
41999,212.300003,214.720001,211.199997,213.729996,207.448059,512615
42002,214.600006,215.779999,213.190002,213.75,207.467468,300250
42003,213.800003,217,211.399994,216.570007,210.20459,389990
42004,216.850006,217.979996,215.190002,216.899994,210.524887,383645
42005,216.699997,217.600006,215,216.570007,210.20459,273655
42006,216.600006,221.389999,216.600006,218.820007,212.388458,592820
42009,219.399994,221.600006,218.399994,219.110001,212.669937,421435
42010,218,218,210.399994,211.860001,205.633026,476945
42011,211.380005,214.690002,209.119995,213.139999,206.875397,530295
42012,215.399994,216.800003,214.020004,215.559998,209.224274,381360
42013,216,217.100006,210.399994,211.830002,205.603897,660340
42016,211.960007,218.330002,211.020004,215.940002,209.593109,716795
42017,217,220.100006,215.009995,216.399994,210.039581,563545
42018,215.320007,217.429993,213.990005,214.910004,208.593369,374840
42019,223.419998,224.800003,218.259995,219.380005,212.932007,1043530
42020,219.699997,219.779999,215.800003,216.059998,209.709579,401310
42023,216.800003,219.199997,216.429993,216.729996,210.359879,378145
42024,217.399994,219.820007,216.850006,217.300003,210.913132,608500
42025,217.399994,227.619995,217.399994,225.580002,218.949768,1794140
42026,228,228.5,221.300003,223.899994,217.319138,870032
42027,226.649994,228.899994,219.800003,223,216.445602,616334
42031,224.449997,224.699997,219.5,222.699997,216.154404,374774
42032,222.600006,227.899994,220.550003,223.800003,217.222092,488689
42033,223.050003,224.949997,216.25,217.449997,211.058716,476297
42034,220.100006,220.800003,187.899994,193.350006,187.667068,3998651
42037,192,192,183.800003,187.850006,182.328735,1461140
42038,189.5,192,184.5,185.100006,179.659561,1424548
42039,186,188.199997,182.100006,184.899994,179.465424,969016
42040,185.199997,185.600006,175.25,178.300003,173.059418,1837428
42041,176.899994,177.600006,169.550003,175.850006,170.681427,1284238
42044,175.100006,177.949997,172.399994,173.350006,168.254898,1186433
42045,173.5,181.25,171.449997,176.899994,171.700546,1612289
42046,178.5,182.649994,177.149994,180.449997,175.14621,830428
42047,182,182.25,178.100006,180.800003,175.485947,719758
42048,182,185.199997,180.300003,182.850006,177.475677,1063654
42051,183.5,184.600006,180,182.699997,177.330078,501827
42053,183.649994,184.5,180.100006,183.100006,177.718338,364803
42054,183.5,184.149994,175.699997,178.5,173.25354,622063
42055,179.100006,186.699997,176.800003,183.449997,178.058029,755525
42058,184,186.100006,180.649994,182.600006,177.233032,507864
42059,182.600006,182.600006,176.149994,177.350006,172.137344,1003864
42060,178.800003,179.899994,176.25,177.199997,171.99173,391004
42061,177.600006,177.899994,171.25,172.399994,167.332825,565638
42062,174.5,181.600006,173.5,180.949997,175.631531,712324
42065,186.949997,187.199997,179.600006,182.5,177.135971,814560
42066,181.600006,190,181.600006,187.699997,182.183136,616628
42067,196,200,179.300003,180.449997,175.14621,1520181
42068,182,185.25,179,184.199997,178.786011,678789
42072,182,182.850006,178.600006,180.149994,174.855026,820722
42073,180.800003,182.699997,176.5,179.899994,174.612381,939586
42074,180,181.300003,175.5,177.649994,172.428513,1068440
42075,179,181.800003,177.699997,180.199997,174.903564,586882
42076,181.5,181.949997,176.899994,179,173.738846,1010930
42079,179.550003,184,177.199997,182.75,177.378616,591647
42080,184.550003,184.899994,178.600006,182.550003,177.184494,615838
42081,183.199997,185.300003,181.199997,182.5,177.135971,529137
42082,183.75,184.449997,174.699997,176.5,171.312317,906942
42083,177.300003,177.300003,172,172.899994,167.818115,504686
42086,175,175,169,169.75,164.760712,439751
42087,170.300003,170.300003,165.350006,167.899994,162.965088,616006
42088,168.5,168.5,163.300003,166,161.120941,758578
42089,164.949997,167.25,160.350006,161.199997,156.462021,698777
42090,163,163.5,155.5,161.550003,156.801743,862687
42093,163.5,164.75,157.850006,163.850006,159.034134,589283
42094,165.25,167.649994,162.25,163.300003,158.50029,465925
42095,163.5,170.100006,162.199997,169.050003,164.081299,386508
42100,171,172,166.600006,168.949997,163.984222,843371
42101,170,171.899994,167,170.100006,165.100433,653478
42102,171,172,167.399994,169.050003,164.081299,637843
42103,170.350006,174.850006,167.199997,173.100006,168.012253,893079
42104,173.5,175.199997,171,174.050003,168.934341,473192
42107,175.399994,177.899994,174.050003,175.600006,170.438782,420304
42109,175.300003,181.100006,175,178.149994,172.913818,697332
42110,178.899994,179,172.800003,177.199997,171.99173,521656
42111,176.899994,178.5,173.550003,177.550003,172.331467,437779
42114,178.5,182.800003,177.149994,179.850006,174.563858,744985
42115,177,181,174.699997,180.25,174.952087,886499
42116,181,181.5,177.100006,180.050003,174.75798,990533
42117,180.899994,181.75,177.350006,179.449997,174.175613,297152
42118,179.100006,180,173,174.75,169.613754,641680
42121,173,174.050003,168.5,170.949997,165.925446,351539
42122,171,175.25,168.649994,174.100006,168.98288,728968
42123,174.949997,174.949997,171.100006,172.25,167.187241,475655
42124,171.449997,171.5,167.550003,168.949997,163.984222,718723
42128,170,171.800003,168.649994,171.199997,166.168106,354395
42129,171,172.75,169.100006,170.149994,165.148941,545522
42130,169.600006,170.149994,160.300003,162.399994,157.62674,1821103
42131,161.5,162.899994,151.649994,153.850006,149.328049,551742
42132,155.149994,156.300003,142.800003,145.149994,140.883759,1224559
42135,146,171.899994,143.899994,169.649994,164.663651,6952440
42136,166.949997,166.949997,157.199997,158.399994,153.744308,2159267
42137,158.699997,164.199997,156.75,162.449997,157.675278,1227423
42138,162.149994,165.899994,158.5,164.5,159.665024,900045
42139,165.199997,166.5,159.550003,160.100006,155.394348,663194
42142,161,163.100006,158.5,162.449997,157.675278,714836
42143,163,163.649994,159.850006,161.75,156.99585,956014
42144,162.25,163,159.300003,160,155.297287,474210
42145,160.399994,160.399994,154.800003,157.100006,152.482529,770020
42146,157.800003,161.800003,154.300003,155.550003,150.978088,857075
42149,154.699997,160.199997,153.5,157.899994,153.259003,1438152
42150,159,160,156.699997,159.550003,154.860519,871639
42151,157.100006,162.399994,157,161.25,156.510559,472295
42152,162.199997,163.5,159.350006,161.600006,156.850266,987986
42153,161.100006,163.350006,160.199997,162.550003,157.772339,318985
42156,163.100006,165.649994,163,165.25,160.392975,259836
42157,165.5,165.5,158.100006,160.199997,155.491394,1491257
42158,160.850006,161.949997,157.75,161.199997,156.462021,1215524
42159,161.25,164,158.850006,161.75,156.99585,660440
42160,160,163.850006,159.449997,161.25,156.510559,434677
42163,161.5,161.5,153.449997,155.75,151.172211,583139
42164,154.050003,157.550003,151.899994,153.199997,148.697144,847661
42165,153.100006,156.199997,152.399994,153.75,149.230988,391315
42166,155.5,155.5,147.25,148.449997,144.086761,610278
42167,146.899994,148.899994,145,147.050003,142.727905,839230
42170,146.899994,146.899994,142.5,143,138.796951,520190
42171,139.899994,143.100006,139.25,142.100006,141.080444,430423
42172,143.100006,143.949997,140,140.649994,139.640839,439112
42173,141.25,139.399994,139,139.399994,138.399811,683483
42174,140.399994,142.800003,139,142.25,141.22937,690088
42177,142.899994,148.399994,142.899994,146.600006,145.548172,714631
42178,147.649994,152.5,147.5,150.25,149.171967,975800
42179,151,151,145.199997,146.350006,145.299957,478729
42180,145.75,146.5,143,145,143.959641,704615
42181,145.25,146,142,144.5,143.463226,564475
42184,140.899994,144.800003,137.5,144.149994,143.115738,628194
42185,142.600006,145.699997,142.600006,144.199997,143.165375,410293
42186,145,151.449997,144.199997,150.050003,148.973404,685614
42187,151.300003,152.300003,148.800003,149.600006,148.526642,402774
42188,150,151.5,149.199997,150.600006,149.51947,299233
42191,147.5,153.550003,146.949997,153.100006,152.001526,454470
42192,153.100006,156.5,152.350006,153.850006,152.74614,351813
42193,152,153.5,148.600006,151.199997,150.115158,457592
42194,152,154.899994,151.25,153.050003,151.951889,309749
42195,154.800003,156.600006,154.050003,156.100006,154.979996,366284
42198,156.949997,157.800003,155.199997,156.300003,155.178558,265574
42199,157,158,154.899994,155.600006,154.483597,294549
42200,156.699997,157.5,153.5,156.149994,155.029633,280929
42201,156.100006,157.449997,154.800003,155.850006,154.731796,256238
42202,156.5,157.449997,155.399994,156.199997,155.079269,169791
42205,156,157.199997,151.75,153,151.902237,205528
42206,153.300003,153.850006,150.399994,150.949997,149.866943,200279
42207,149.050003,153.5,148.5,152.699997,151.604385,212692
42208,153,154.350006,152,152.699997,151.604385,180872
42209,153.699997,157.75,153.699997,155.199997,154.086456,394746
42212,154.600006,155.050003,151.5,152.100006,151.008698,240180
42213,153,156.800003,150.75,153.949997,152.845413,410675
42214,153.850006,154.449997,151.300003,153.050003,151.951889,257480
42215,153.600006,169.300003,153.600006,168.399994,167.191742,2751220
42216,168.5,179.800003,166,177.399994,176.127167,1912827
42219,178,189.899994,178,184.649994,183.32515,1190330
42220,185.699997,192.699997,181.800003,191.050003,189.67923,1588404
42221,190,192.350006,186.300003,188.850006,187.495026,910763
42222,186.050003,191.199997,185.300003,189.199997,187.842499,564556
42223,188.949997,188.949997,183.800003,185.100006,183.771927,380129
42226,185,186.649994,180.800003,182.149994,180.843079,621150
42227,184,184.649994,175.75,178.050003,176.772507,558146
42228,177,182.5,175.300003,176,174.737213,501293
42229,177.050003,182.899994,175.649994,176.800003,175.531479,345576
42230,177.899994,186.300003,175.850006,184.449997,183.126587,684317
42233,196,213.949997,195.699997,212.399994,210.876038,4423372
42234,213.699997,216.25,208.600006,212.75,211.223541,1469653
42235,212,212,205.399994,208.5,207.004028,1617089
42236,205.5,210.199997,194.649994,201.149994,199.706757,1571189
42237,187,201.5,186.100006,199.600006,198.167892,972806
42240,186.5,193.100006,175.649994,182.5,181.190582,1290988
42241,183.300003,188.300003,172.5,182.850006,181.538071,1395669
42242,183,183,175.850006,177.050003,175.779678,623441
42243,182.399994,187.949997,179.5,187.550003,186.204346,1163473
42244,190,192.5,181.350006,185.199997,183.871201,920396
42247,184.25,189.899994,182.949997,184.649994,183.32515,665299
42248,181.949997,183.199997,170.550003,172.600006,171.361618,821002
42249,175.899994,176.100006,167,169.600006,168.383148,892444
42250,172.699997,178.449997,169.699997,175.199997,173.942947,678346
42251,173.800003,175.399994,165,174.199997,172.950134,906738
42254,175,180.199997,168.5,169.75,168.532059,805860
42255,171.350006,180.449997,169.550003,177.5,176.226456,864554
42256,181.899994,182.5,177,180.449997,179.155289,806031
42257,175,180.550003,173.149994,178.649994,177.368195,659918
42258,181.25,184.800003,179.399994,181.100006,179.800629,1045329
42261,183,186.899994,181.149994,186.399994,185.062592,675591
42262,186,187.199997,180.75,181.75,180.445953,924457
42263,185,185,180.050003,182.550003,181.240219,553203
42265,184.949997,191.850006,184.149994,190.550003,189.182831,840767
42268,190,192.649994,189.25,192,190.622421,1043423
42269,193.199997,196.149994,185.5,186.75,185.41008,681968
42270,185,190.399994,182.600006,188.350006,186.998611,766458
42271,188.800003,190.300003,185.550003,186.5,185.16188,965640
42275,187.699997,188.800003,183.100006,183.850006,182.530899,519713
42276,183,188.800003,178.850006,186.899994,185.559006,2582557
42277,189.699997,189.699997,181.600006,183.300003,181.984848,711131
42278,185,185.600006,180.649994,181.300003,179.999191,414564
42282,182.649994,187.199997,182.600006,186.600006,185.261169,668493
42283,187.100006,187.850006,182.300003,184.550003,183.225876,592299
42284,185,186.899994,183.949997,186,184.665466,642628
42285,186.699997,190.899994,184.350006,185.850006,184.516556,774836
42286,187.800003,188.600006,181.649994,182.300003,180.99202,592255
42289,168,179.600006,168,176.800003,175.531479,1798788
42290,173,178.300003,173,176.100006,174.836502,734466
42291,173.5,176.550003,173,173.5,172.255157,705520
42292,174.899994,180,174.199997,179.449997,178.16246,853363
42293,179.100006,179.800003,175.050003,177.800003,176.524307,2553617
42296,177,178.600006,174.5,175.300003,174.042236,331633
42297,175.899994,178.5,175.449997,176.25,174.985428,282033
42298,176,177.149994,171.800003,174.350006,173.09906,332030
42300,176,176.5,172.75,173.350006,172.106232,317413
42303,174,174.800003,171.199997,172.100006,170.865204,311019
42304,172,172.800003,168,168.300003,167.092468,491307
42305,166.300003,167,161.5,164.25,163.071518,599889
42306,164.25,165.699997,161.800003,162.449997,161.284439,348003
42307,162.449997,164.699997,159.699997,160.300003,159.149872,400477
42310,161.399994,163,156.850006,161.800003,160.639099,621246
42311,162.300003,164.350006,161.100006,161.850006,160.688751,236063
42312,163.600006,165.300003,162.300003,163.449997,162.277252,398567
42313,164.899994,164.899994,158.5,159.5,158.355606,300745
42314,159,169.699997,143.550003,167.399994,166.198914,4249722
42317,160.5,171.800003,160.5,171,169.773087,2613181
42318,169.199997,173.800003,168,172.600006,171.361618,805409
42321,172,175,169.399994,173.699997,172.45372,458177
42324,172.800003,177.350006,172.800003,176.449997,175.18399,630882
42325,176.550003,177.449997,172.699997,173.199997,171.957306,368004
42326,172.949997,173.25,167.300003,168.300003,167.092468,303447
42327,169.449997,170.25,166.899994,168.149994,166.943527,292296
42328,168.449997,172.899994,166.100006,171.600006,170.36879,523079
42331,172,172.600006,168.600006,169.800003,168.581711,305625
42332,169,171.199997,167.800003,168.100006,166.893906,258192
42334,168.899994,171.899994,167.25,170.100006,168.879547,250615
42335,171.050003,179.800003,170.75,179.25,177.963898,752001
42338,179.800003,182.449997,178.899994,179.850006,178.559601,430006
42339,180,180.800003,176.350006,177.399994,176.127167,319952
42340,178.25,179.100006,173.300003,173.75,172.503357,235477
42341,170.75,173.300003,170.100006,171.75,170.517715,264655
42342,171,171,166.050003,167.449997,166.248566,404850
42345,167.649994,170.100006,165.25,165.850006,164.660049,278014
42346,165,167.300003,161,161.850006,160.688751,400386
42347,161.399994,164,159.649994,160.449997,159.298782,346929
42348,161.050003,162,156.399994,159.300003,158.157043,371730
42349,160.350006,161.399994,150.800003,155.300003,154.185745,806133
42352,155,158.649994,153.5,156.800003,155.674973,425558
42353,158,159.149994,155,158.199997,157.064926,283025
42354,160,161.5,157.449997,159.199997,158.057755,593805
42355,161,163.399994,158.800003,160.300003,159.149872,517644
42356,160.100006,162.75,158.199997,159.199997,158.057755,625767
42359,159.050003,160.649994,157.699997,159.449997,158.305954,424139
42360,160,161.350006,156.600006,157.149994,156.022461,404840
42361,158.050003,159,157.5,158.399994,157.263489,218094
42362,158.550003,159.75,157.399994,158.449997,157.313126,199364
42366,159,159.949997,158.5,158.850006,157.710266,147768
42367,159.649994,159.649994,156.949997,157.600006,156.469238,215899
42368,158.399994,159.399994,155.300003,156.199997,155.079269,262538
42369,156.649994,158.100006,154,156.75,155.625336,461060
42370,157,160,156.100006,159,157.859192,263073
42373,158.699997,158.850006,150.550003,151.100006,150.015884,664205
42374,152.5,152.5,146.350006,147.75,146.689911,852448
42375,149,151,146.75,148.649994,147.58345,631903
42376,146.899994,146.899994,138.800003,139.5,138.4991,843174
42377,140.25,142.600006,139.449997,140.5,139.491928,984609
42380,138.699997,140.399994,134.600006,139.149994,138.151611,751682
42381,139.350006,140.5,133.649994,134.399994,133.435684,501477
42382,136.050003,137.449997,127.300003,132.100006,131.152206,1002193
42383,130,131.850006,126.449997,131.149994,130.209,613722
42384,132,132.949997,124.800003,126.050003,125.145607,1723110
42387,127,131.5,124.5,126.5,125.592377,2015481
42388,127.050003,129.199997,124.400002,125.25,124.351341,1416856
42389,123.349998,123.349998,118.199997,121.25,120.380043,1598262
42390,123,126.5,121.25,124.599998,123.706001,816932
42391,126.5,131.5,126.400002,130.25,129.315475,778509
42394,132,133.050003,128.399994,129.550003,128.620499,1262640
42396,129.199997,131.350006,125.449997,130.149994,129.216187,1230733
42397,131.899994,132.600006,128.399994,130.100006,129.16655,741995
42398,129.75,130.600006,123,125.800003,124.8974,1155465
42401,126,126.849998,121.199997,122.25,121.372864,597125
42402,122.5,127.75,120.5,121.099998,120.231117,1114140
42403,120.400002,122.599998,116.300003,120.699997,119.833984,1169369
42404,122.150002,124.699997,121,122.949997,122.067841,1690638
42405,124,128,121.75,126.900002,125.989502,649096
42408,127,134.800003,127,130.75,129.811874,1147515
42409,128,131.449997,123.25,124,123.110313,1238099
42410,122.900002,123.400002,115.599998,117.449997,116.607307,2184866
42411,115.900002,121.400002,112.800003,115.949997,115.118065,2011642
42412,116.699997,117.150002,109.449997,114.349998,113.529549,1613199
42415,120,142,118,139.550003,138.548752,6599093
42416,141.25,141.25,129.75,131,130.060089,2996842
42417,131.5,140.300003,126.400002,138.300003,137.307709,4280177
42418,141.899994,146.100006,135.399994,138.800003,137.804123,2282354
42419,137.399994,141.899994,136.449997,139.600006,138.598389,1265602
42422,140.899994,141.399994,136.800003,139.399994,138.399811,909395
42423,139,139.050003,132.399994,132.899994,131.946442,1091259
42424,131.300003,136.25,130.149994,133.75,132.790359,1212821
42425,135,135.949997,129.699997,130.350006,129.414749,910137
42426,134,134,126.849998,132.649994,131.698242,2096637
42429,134.100006,139.050003,127.199997,132,131.052917,5011351
42430,134,136.800003,133,136.100006,135.123505,1507700
42431,142.600006,152.050003,142.600006,145.149994,144.108551,3406829
42432,147.800003,147.800003,141.350006,145.149994,144.108551,1370638
42433,146,150.399994,143.600006,148.75,147.682739,1820127
42437,144.899994,147.449997,140.649994,141.899994,140.881882,1741570
42438,138.399994,143.5,138.399994,143,141.973984,1185057
42439,144.100006,144.550003,138.25,139.350006,138.350189,1108391
42440,139.5,142.100006,137.5,140.75,139.740128,941770
42443,142.899994,143.25,140.5,141,139.988342,659079
42444,141.25,144.050003,140.800003,143.25,142.222198,884038
42445,145.25,146.300003,141.25,143.050003,142.023636,1160064
42446,145.800003,146.199997,141,142.100006,141.080444,967776
42447,143.850006,144.5,141.75,144.050003,143.016464,698001
42450,145.75,147.449997,144.75,147.199997,146.143845,775060
42451,147.5,147.600006,144.649994,146.449997,145.399231,536529
42452,145.899994,145.899994,142.899994,144,142.966812,525620
42457,144.899994,145.449997,137.550003,139.149994,138.151611,642036
42458,139,141.5,137.550003,140.5,139.491928,610812
42459,141.600006,148.699997,140.899994,147,145.945282,787844
42460,146.949997,149.300003,145.25,147.100006,146.044571,538224
42461,146,153.399994,145.100006,152.649994,151.554749,1193242
42464,154,154.050003,149.899994,151.25,150.164795,745928
42465,150.050003,152.350006,143.399994,144.300003,143.264664,1700294
42466,144.800003,145,141.75,143.399994,142.371109,711672
42467,142.100006,146.300003,142.100006,143.350006,142.321487,779157
42468,143.5,144.25,141.800003,143.100006,142.073273,510732
42471,144,150,143.199997,149.199997,148.129501,684538
42472,150.699997,150.899994,148,149.100006,148.030228,579120
42473,151.5,153.800003,151.300003,152.449997,151.356186,679082
42478,150.75,151.25,147,148.25,147.186325,499875
42480,148.350006,153.5,146.600006,152.300003,151.20726,739946
42481,155,162,155,157.899994,156.767075,1692531
42482,156.800003,163.699997,155.399994,161.75,160.589462,1305411
42485,161.75,162.399994,156.5,157.949997,156.816727,775638
42486,158,162.5,156.25,161.800003,160.639099,648786
42487,161.5,163.25,160,161.149994,159.993759,386712
42488,161.5,163.199997,159.050003,160.149994,159.000931,555079
42489,160.5,162.649994,152.850006,158,156.866364,870895
42492,157.050003,157.600006,155.100006,155.449997,154.334656,443503
42493,155.600006,159.300003,152.100006,152.899994,151.802948,588683
42494,153,154.600006,148.050003,148.699997,147.633087,1023429
42495,150,151,146.899994,148.75,147.682739,616999
42496,150.800003,152.5,148.649994,150.550003,149.469818,904425
42499,152,156.449997,150.899994,155.199997,154.086456,608870
42500,155.949997,158.300003,152.5,157.350006,156.221039,1046322
42501,154.25,158.050003,153,156.850006,155.724625,670784
42502,159,160.149994,155.300003,157.699997,156.568512,764650
42503,157.600006,157.600006,154.149994,154.949997,153.838242,1212239
42506,150.100006,151.5,139.800003,142.199997,141.179718,4112023
42507,143.149994,144.75,139.899994,141.75,140.732956,1732275
42508,141,143.5,140.199997,142.649994,141.626495,908950
42509,142.350006,142.350006,136.300003,137.050003,136.066681,1074500
42510,136.949997,138.649994,134.899994,135.550003,134.577438,747798
42513,136,136.300003,131.300003,131.75,130.804703,994238
42514,131.949997,131.949997,128.399994,129.899994,128.967972,765035
42515,131.100006,134.149994,130.649994,133.300003,132.343582,697306
42516,134.100006,136.300003,132.5,134.949997,133.98175,672530
42517,135.25,141,134.5,138.699997,137.704834,995287
42520,141.449997,141.449997,136.600006,138.449997,137.456635,832309
42521,138.949997,143.350006,136.800003,142.699997,141.676132,993212
42522,143.699997,143.850006,137.949997,138.75,137.754486,971260
42523,137.100006,142,137.100006,141.350006,140.335831,640989
42524,143.899994,144.25,139.199997,140.199997,139.194077,796310
42527,140,144,140,142.949997,141.924347,822950
42528,144.350006,146.800003,142.899994,145.25,144.20784,1385098
42529,146.100006,149.199997,144.300003,147.850006,146.7892,1063540
42530,147.199997,151.550003,146.75,148.949997,147.881302,1118120
42531,148.5,150.75,145.300003,146.449997,145.399231,918036
42534,144.600006,147.100006,142.25,145.899994,144.85318,502526
42535,147.800003,149.449997,147.350006,148.800003,147.732376,576584
42536,149.5,153.399994,148.199997,151.75,150.661209,968724
42537,151.25,153.649994,148.600006,151.850006,150.760498,1029797
42538,153.149994,153.300003,149,150.699997,149.618744,636311
42541,147.300003,152.649994,147.050003,151.899994,150.81012,753757
42542,152,152.949997,149.25,149.949997,148.874115,677618
42543,150.5,151.5,148.199997,148.949997,147.881302,887233
42544,149.149994,153,149.149994,152.149994,151.058334,589671
42545,146.699997,147.850006,140.949997,146.949997,145.895645,1839314
42548,147.5,152.5,146.649994,151.850006,150.760498,941715
42549,152,155,150.649994,154.350006,153.242554,871673
42550,155.5,156.050003,153.399994,153.899994,152.795776,600897
42551,154.75,155.550003,153.550003,154,152.895065,421755
42552,154.5,157.699997,153.75,156.550003,155.426773,696702
42555,157.399994,161.649994,157.399994,159.800003,158.653458,913136
42556,160,162.300003,158.899994,159.5,158.355606,943317
42558,159.5,162.149994,157.399994,158.050003,156.916016,694877
42559,158.5,158.850006,153.649994,154.800003,153.689331,727236
42562,157.800003,162.550003,157.649994,162.199997,161.036224,900311
42563,163.149994,165,159.449997,160.75,159.596634,1799405
42564,160.300003,162,158.699997,159.800003,158.653458,597340
42565,159.5,166.649994,159.199997,163.699997,162.525467,1270330
42566,165.550003,168.699997,163.550003,164.5,163.319733,10585747
42569,165,166.5,158.25,159.100006,157.958481,681360
42570,159.100006,162.5,156.550003,158.449997,157.313126,2845183
42571,159.100006,159.350006,157.199997,157.699997,156.568512,1095221
42572,158.100006,158.949997,151.75,152.25,151.157623,763489
42573,152.25,153,149.5,150.899994,149.817307,801103
42576,151,157.050003,149.050003,155.75,154.632507,955596
42577,156,158.75,153.25,154.199997,153.093628,838160
42578,155.100006,156.550003,153.600006,154.699997,153.590042,478219
42579,155.399994,156.850006,153.899994,154.399994,153.292191,558261
42580,155.399994,155.399994,151.449997,152.199997,151.107971,1271164
42583,154.5,154.5,146.100006,147.550003,146.491348,775078
42584,148.100006,152.199997,146.399994,151.100006,150.015884,875176
42585,150,154.75,147.649994,148.800003,147.732376,2873009
42586,151,157.100006,146.699997,155.5,154.384308,1331708
42587,157.899994,159.600006,156.300003,157.5,156.369949,720895
42590,158.899994,159.75,154.649994,157.149994,156.022461,711038
42591,157.100006,160.399994,156.199997,158.350006,157.213852,811652
42592,158.949997,161.100006,155.5,160.300003,159.149872,1216426
42593,153,153,145.050003,145.949997,144.902817,4510774
42594,146.600006,152.050003,144.699997,149.350006,148.278427,2079973
42598,149.350006,151.399994,147.25,149.699997,148.625916,7617959
42599,149.800003,152.300003,149.300003,151.149994,150.065506,769772
42600,152.5,155,151.649994,154.600006,153.490768,796182
42601,156,162.649994,155.25,161.649994,160.490173,1665893
42604,161,162.350006,157.699997,160,158.85202,930760
42605,160,164.899994,158.350006,164.25,163.071518,1394797
42606,164.5,165.5,162.5,163.149994,161.979401,720196
42607,163.5,164.75,161.399994,161.800003,160.639099,505789
42608,161.899994,163.149994,157.75,158.449997,157.313126,668142
42611,158.25,160.899994,157.050003,160.300003,159.149872,889734
42612,161,164.75,160.550003,164.149994,162.972229,582674
42613,164.899994,165.550003,161.699997,162.850006,161.68158,656201
42614,163.25,164.300003,160.5,161.199997,160.043396,509268
42615,162.5,166.899994,161.25,166.399994,165.206085,889588
42619,168.300003,170.800003,167.550003,169.449997,168.234207,854631
42620,170.949997,177.399994,170.649994,174.800003,173.545822,1848908
42621,174.600006,177.25,173.399994,174.75,173.496185,563181
42622,175.949997,175.949997,171.300003,171.899994,170.666626,969150
42625,167.899994,168,161.100006,161.699997,160.53981,974505
42627,161.5,168.800003,161.5,168.300003,167.092468,824968
42628,168.5,168.850006,164.25,166.600006,165.404663,538597
42629,168,171.350006,164.600006,165.149994,163.965057,807404
42632,166,168,165.600006,166.399994,165.206085,297864
42633,168.25,168.300003,165.350006,166.800003,165.603226,371220
42634,166.5,168.300003,164.25,164.699997,163.518295,362778
42635,169,170,166.75,169.449997,168.234207,519894
42636,170,172.399994,168.300003,169.100006,167.886734,631445
42639,169,169.350006,165.5,166.550003,165.355026,2660599
42640,166.949997,167.800003,163.300003,164,162.823318,384772
42641,164,169.5,163.199997,168.5,167.291031,496476
42642,169.25,170.949997,159.800003,161.75,160.589462,913493
42643,161,167.850006,160.149994,167.300003,166.09964,600597
42646,169,170.5,167.399994,168.75,167.53923,7301517
42647,169.850006,171.300003,165.899994,169.800003,168.581711,1754499
42648,172,173.100006,168.5,169.5,168.283859,821573
42649,170.25,170.5,163.699997,164.649994,163.468643,770026
42650,166,166,162.649994,163.899994,162.72403,916561
42653,164,166,161.550003,162,160.837662,456283
42656,162,162,151.300003,154.300003,153.192917,1269566
42657,155.399994,156.100006,153.5,154.149994,153.043976,563420
42660,155.800003,156,150.25,150.899994,149.817307,774247
42661,153.25,156.199997,151.25,155.649994,154.533218,575925
42662,156,157.199997,154.25,155.199997,154.086456,380768
42663,155.449997,158.649994,155.449997,157.649994,156.518875,706978
42664,157.649994,157.699997,154.600006,156.25,155.128922,521831
42667,157.800003,160.399994,156.600006,158.300003,157.164215,554174
42668,159,159.5,155.800003,156.850006,155.724625,499185
42669,156.850006,159.149994,153.949997,155.149994,154.036804,750613
42670,155,155.699997,152.550003,153.050003,151.951889,438114
42671,153.5,156.399994,153.25,155.850006,154.731796,551906
42675,155.100006,157.199997,154.300003,154.949997,153.838242,379279
42676,153,153,149.449997,149.899994,148.824478,537231
42677,149,150.949997,146.25,146.649994,145.597794,677880
42678,147.5,148.199997,141.5,142.449997,141.427933,1757265
42681,147.5,149.100006,144.600006,148.050003,146.987762,536939
42682,148.600006,149.699997,146.100006,149,147.930939,422354
42683,136,152.800003,136,151.149994,150.065506,1581039
42684,155,166.149994,155,164.800003,163.617584,2531212
42685,165,170,158.800003,160.699997,159.546982,2913127
42689,166.399994,177.050003,165.600006,174.350006,173.09906,4213262
42690,176.949997,178,168.5,173.25,172.006943,1742142
42691,174,179.300003,172.899994,174.699997,173.446533,4088934
42692,176.399994,177.899994,172.550003,176.699997,175.43219,1065591
42695,179.050003,179.25,160,161.449997,160.291611,2089495
42696,163.5,165.350006,159.25,163.199997,162.029053,1238559
42697,164.600006,165,160.699997,162.399994,161.234787,691456
42698,160.699997,167.949997,158.75,167.25,166.050003,1374822
42699,168.350006,171.300003,165.899994,167.850006,166.645691,1148989
42702,162.5,165,160.899994,162.949997,161.780838,1340332
42703,163.899994,165.5,160.75,161.800003,160.639099,673151
42704,161.800003,165,161.300003,164.25,163.071518,899456
42705,165,165.800003,161,161.600006,160.440536,639941
42706,160,164.199997,159.550003,161,159.844833,1270987
42709,161.949997,162.949997,160.25,162.5,161.334076,544754
42710,163.800003,164,161.649994,162.25,161.085876,449799
42711,163,164.5,157,157.850006,156.717453,1103395
42712,159.100006,159.800003,157.399994,158.5,157.362778,652501
42713,159,162.699997,157.300003,162.100006,160.936951,808556
42716,162.25,162.5,157.800003,158.949997,157.80954,605198
42717,158.899994,161,156.649994,160.399994,159.249146,581390
42718,161,161.399994,158,158.300003,157.164215,270483
42719,155.899994,161.350006,155.100006,159.949997,158.802368,422822
42720,160.399994,162.600006,158.800003,159.600006,158.454895,529358
42723,159.600006,160.699997,158.300003,159.300003,158.157043,217258
42724,159.25,160.149994,155,155.649994,154.533218,471825
42725,156.5,158.100006,154.649994,157.149994,156.022461,1120068
42726,156.199997,156.899994,153.5,155.100006,153.987183,380841
42727,154.949997,156.449997,152.550003,152.949997,151.8526,523787
42730,151.350006,152.050003,146,147.25,146.193497,618338
42731,147.5,150.800003,146.25,149.850006,148.774841,514339
42732,150.649994,152.550003,149.199997,150,148.923767,1517116
42733,150,152.5,148.449997,151.199997,150.115158,1693501
42734,151.649994,153.649994,151.399994,152.850006,151.753326,898053
42737,153.449997,154.399994,147.649994,149.050003,147.980576,746824
42738,149.050003,150.300003,146.800003,148.899994,147.83165,722959
42739,148.050003,149.949997,147.399994,148,146.93811,624155
42740,149.899994,151.5,149.25,150.699997,149.618744,1399890
42741,151.199997,154.5,151,153.100006,152.001526,1440451
42744,154,154.949997,152.5,152.699997,151.604385,414308
42745,153.850006,154.100006,151.350006,152.699997,151.604385,810512
42746,153.899994,160.399994,153.399994,159.649994,158.504517,1251504
42747,159.649994,160.649994,157.899994,158.649994,157.511688,662701
42748,159.899994,159.899994,156.699997,157.699997,156.568512,463750
42751,157.75,160.100006,157.100006,159.699997,158.554169,573520
42752,160.199997,162.100006,158.449997,159.199997,158.057755,461070
42753,159,160.75,157.899994,158.649994,157.511688,358998
42754,158,160.800003,157.850006,160.149994,159.000931,450125
42755,158.25,160.75,153.399994,154.199997,153.093628,499287
42758,154,156.899994,152.75,154.149994,153.043976,992731
42759,155,156.5,154.649994,156.050003,154.930359,304669
42760,156.75,162.300003,155.300003,161.300003,160.142685,1424996
42762,163,168.949997,162.100006,167.600006,166.397491,1517171
42765,167.5,170.25,165,167.25,166.050003,734409
42766,168,168.850006,164.5,165.100006,163.915436,469454
42767,167,173.699997,165.350006,173.149994,171.907654,1536302
42768,173,178.600006,170.899994,177.649994,176.375366,1325075
42769,178.300003,187,176.850006,186.300003,184.963318,1851748
42772,187.100006,191.649994,183.699997,184.449997,183.126587,1023376
42773,185.399994,190.399994,183.199997,187.300003,185.956146,1115762
42774,187.949997,188.300003,182.449997,187,185.658295,754616
42775,186.100006,187.699997,181.050003,184.399994,183.076935,924529
42776,185.25,190.899994,184.75,188.050003,186.70076,1570969
42779,184.300003,184.300003,168,168.75,167.53923,3745506
42780,170.699997,171.199997,166.199997,168.899994,167.688156,1539004
42781,170,170.399994,162.600006,163.199997,162.029053,1545028
42782,164.949997,167.75,163.649994,166.050003,164.858612,863354
42783,166.350006,168.25,164.600006,166,164.80896,761422
42786,166.850006,169.25,165,168.75,167.53923,517370
42787,170.25,170.649994,168,169.100006,167.886734,924899
42788,169.5,170.600006,167.25,167.699997,166.496765,743790
42789,167.149994,169.800003,167,168.149994,166.943527,468400
42793,168.25,168.600006,164.050003,164.449997,163.270081,1308744
42794,165.300003,166.699997,163.949997,165.050003,163.865784,940727
42795,165.100006,168.399994,165.100006,165.399994,164.213257,647346
42796,166.300003,167.300003,161.100006,161.600006,160.440536,685141
42797,161,162.699997,159.600006,159.949997,158.802368,1888353
42800,160.050003,162.25,160.050003,160.800003,159.646271,1220882
42801,160,162.350006,160,160.300003,159.149872,1481778
42802,160.899994,161.649994,157.449997,159.149994,158.008102,1174022
42803,159,160.699997,158.399994,159.300003,158.157043,985870
42804,160.399994,162.149994,158.300003,159.050003,157.908829,440434
42808,163.850006,164,160.75,161.050003,159.894485,641582
42809,161.449997,167.699997,160.600006,166.199997,165.007523,1333122
42810,168,169.399994,166.399994,168.25,167.042816,1276157
42811,168.5,169,164.449997,164.899994,163.716858,1840186
42814,165,167.25,163.100006,165.550003,164.362198,636257
42815,166.050003,166.699997,162.25,162.949997,161.780838,949157
42816,162,164.100006,160.75,161.25,160.093048,822705
42817,162.800003,163.300003,160.449997,162.149994,160.986588,748591
42818,162.800003,171.449997,162.100006,169.050003,167.837082,1661020
42821,168.800003,173.100006,167.5,171.699997,170.468063,10438217
42822,172.949997,174.600006,171.550003,173.649994,172.404068,9179391
42823,174.800003,176.199997,173,173.449997,172.205505,11848284
42824,173.5,175.5,172.649994,173.399994,172.155869,9572512
42825,173,174.899994,171.800003,172.949997,171.709091,799339
42828,173,174.199997,170.5,172.449997,171.212677,464338
42830,172.300003,176.399994,172.199997,174.350006,173.09906,542123
42831,173.050003,177,172.5,174.149994,172.900482,589865
42832,173.800003,174.399994,167.5,168.699997,167.489594,625342
42835,169.399994,172,168.300003,170.899994,169.673798,761622
42836,171.899994,175.050003,170.350006,174.5,173.247986,595125
42837,174.600006,175.75,171.300003,172.399994,171.16304,567060
42838,172,177.850006,171.649994,175.5,174.240799,814319
42842,177,178.100006,175.350006,175.899994,174.637924,596001
42843,176.199997,181.399994,175.100006,175.949997,174.687576,988231
42844,177.199997,177.300003,173.300003,174.949997,173.694748,939220
42845,176,180.399994,174.300003,179.649994,178.361023,1032609
42846,179.899994,180.199997,174.649994,175.300003,174.042236,622453
42849,177.899994,179.5,175.699997,178.899994,177.616409,933653
42850,180.100006,183.399994,178.899994,181.899994,180.594879,821802
42851,182.5,184.5,178.850006,181.600006,180.297043,563725
42852,181.5,183.899994,180.100006,181.350006,180.048843,454611
42853,181.050003,188.399994,181.050003,187.5,186.154709,1252595
42857,187.600006,191.550003,185.899994,188.800003,187.445374,1423418
42858,189.399994,194.5,186.800003,189.75,188.388565,1526723
42859,193.800003,196.699997,192.350006,195.800003,194.395157,1355252
42860,197,202.449997,183.949997,187.350006,186.005783,2632719
42863,188.199997,191.550003,185.350006,188.949997,187.594299,845440
42864,189.75,190,184.949997,186.800003,185.459732,758819
42865,187.75,188.25,185.100006,185.800003,184.466904,495781
42866,186,190.5,185.649994,187.899994,186.551834,850676
42867,188.449997,191.149994,184.75,186.550003,185.211517,1007416
42870,186.550003,189.699997,186.550003,188.649994,187.296448,607849
42871,188,194.800003,186.399994,193.550003,192.161301,1080479
42872,193.949997,193.949997,190,192.199997,190.820984,705817
42873,190.949997,196.149994,185.600006,187.75,186.402908,1577794
42874,190.399994,195.699997,186.350006,188.550003,187.197174,2226551
42877,188.800003,191.25,181.399994,182.649994,181.339493,995167
42878,182.899994,185.5,177.550003,182.100006,180.793457,893696
42879,183.399994,183.399994,174.850006,175.699997,174.439362,881167
42880,176.050003,181.899994,176.050003,181.25,179.949554,518948
42881,181.5,182,178.050003,179.800003,178.509949,638606
42884,180,181.550003,173.5,174.050003,172.801208,726832
42885,174.800003,179,172.050003,178.399994,177.119995,677407
42886,179.899994,180.449997,176.899994,178,176.72287,547817
42887,178.100006,179.75,176.300003,178.949997,177.666046,436088
42888,182,182,177.300003,179.100006,177.814987,490852
42891,179.100006,180.300003,178.399994,178.800003,177.517136,395196
42892,179.100006,179.5,173.800003,174.5,173.247986,417433
42893,175.5,177.699997,174.350006,176.949997,175.680389,406292
42894,178.5,178.5,174.550003,175.050003,173.794037,271839
42895,175.100006,175.699997,173.050003,173.649994,172.404068,447593
42898,173,173.5,167.199997,168.300003,167.092468,3232690
42899,168.949997,171.350006,168.5,169.75,168.532059,306796
42900,171,174.949997,170,173,171.758743,654728
42901,172.100006,172.199997,168.699997,169.600006,168.383148,562312
42902,170.850006,171.149994,167.300003,168.050003,166.844254,583456
42905,168.899994,169.550003,167.649994,168,166.794617,338816
42906,168.949997,168.949997,165.649994,167.350006,166.149292,443821
42907,167.100006,170,166.600006,167.25,166.050003,938344
42908,168.350006,168.5,164.5,165,165,1416480
42909,165.449997,165.850006,160.25,160.649994,160.649994,2415143
42913,160.5,161,153.199997,154.800003,154.800003,801507
42914,153.949997,156.25,152.25,155.449997,155.449997,549657
42915,156.600006,157.850006,155,155.5,155.5,525513
42916,158,161.800003,156.5,161.100006,161.100006,2414043
42919,163,165,160.600006,161.800003,161.800003,2643229
42920,162.800003,163.050003,159.100006,159.449997,159.449997,506645
42921,159,162.300003,158.550003,160.850006,160.850006,530878
42922,162,165.449997,161.300003,162,162,2248891
42923,162.100006,163.899994,160.100006,160.600006,160.600006,578888
42926,161.850006,167.800003,161.199997,166.75,166.75,6865813
42927,166.699997,167.600006,161.800003,162.5,162.5,859852
42928,163.100006,163.949997,160.75,163.449997,163.449997,853130
42929,164.050003,165.600006,161.899994,163.050003,163.050003,955720
42930,163.899994,166.300003,162.25,164.800003,164.800003,806130
42933,165.5,165.550003,162.949997,164.300003,164.300003,1028812
42934,164.449997,167.050003,162.800003,163.600006,163.600006,1325658
42935,164.800003,165.449997,163.5,164.350006,164.350006,1526014
42936,165.449997,165.449997,161.600006,161.899994,161.899994,936688
42937,162.800003,163.850006,160.649994,161.699997,161.699997,1758360
42940,162.5,166,162,164.050003,164.050003,1867895
42941,165,166.25,164.25,164.800003,164.800003,867543
42942,163.550003,166.399994,163,163.199997,163.199997,1261518
42943,164,165,160.199997,161,161,1736998
42944,161.5,162.899994,160.100006,161.5,161.5,1557873
42947,162.5,168.350006,160.600006,165.600006,165.600006,2371733
42948,167,167.350006,162.5,163.149994,163.149994,1904220
42949,164.350006,165.25,162.399994,163.199997,163.199997,1088675
42950,164.149994,164.149994,157.050003,158.050003,158.050003,885069
42951,159.899994,160.699997,155.550003,158.949997,158.949997,735857
42954,160,161.25,159.350006,159.899994,159.899994,467651
42955,159.949997,161.149994,156.25,156.600006,156.600006,456223
42956,155.649994,157.699997,154.300003,155.350006,155.350006,608404
42957,154.100006,155.5,145.800003,148.350006,148.350006,1074870
42958,147.5,150.5,141.25,142.550003,142.550003,1233111
42961,140.5,143.050003,139.600006,142.199997,142.199997,1001447
42963,144,148.25,137.699997,147.149994,147.149994,3126505
42964,148.649994,152.199997,146.699997,148.350006,148.350006,1400661
42965,146.050003,148,144.5,147.100006,147.100006,684715
42968,148,149.600006,141,141.949997,141.949997,758721
42969,142.100006,143.899994,138.350006,139.399994,139.399994,1225248
42970,140.100006,142.300003,138.449997,140.899994,140.899994,1481828
42971,141,144,140.699997,142.850006,142.850006,1221789
42975,143.399994,145.800003,143.100006,144.050003,144.050003,1450131
42976,142,143.449997,139.600006,140.050003,140.050003,1959358
42977,140.050003,142.5,139.149994,139.449997,139.449997,931992
42978,140,140.5,137.100006,137.649994,137.649994,3245590
42979,138.800003,140.800003,137.850006,138.300003,138.300003,2436958
42982,138.600006,139.199997,135.800003,136.75,136.75,1158340
42983,137,138.850006,136.050003,138.449997,138.449997,1270247
42984,137.050003,138.649994,136.449997,138,138,1040875
42985,138.149994,140.850006,138.149994,139.399994,139.399994,1518633
42986,140,140.399994,136.5,136.800003,136.800003,670631
42989,139.75,139.75,137.25,137.600006,137.600006,591927
42990,137.699997,142.5,137.25,141.649994,141.649994,1458817
42991,142.800003,145.800003,141.649994,143.850006,143.850006,1161696
42992,144.100006,146.949997,144,145.800003,145.800003,1058428
42993,145,145.949997,143.199997,145.199997,145.199997,594142
42996,145.399994,148.899994,144.75,145.399994,145.399994,632349
42997,145.399994,146.100006,143.199997,144.300003,144.300003,473133
42998,144.600006,150.699997,144,148.399994,148.399994,80140146
42999,149.850006,149.850006,144.75,145.449997,145.449997,876269
43000,145.199997,145.199997,141.5,141.75,141.75,563770
43003,142,143.350006,138.199997,142.350006,142.350006,693969
43004,142,144.199997,141.100006,142.550003,142.550003,366076
43005,143.899994,143.899994,138,138.600006,138.600006,696802
43006,139.800003,140.300003,137.399994,138.899994,138.899994,575433
43007,139.899994,140.75,137.100006,137.5,137.5,513436
43011,138.25,139.800003,136.350006,137.199997,137.199997,473291
43012,137.550003,139,136.75,137.5,137.5,629542
43013,137.699997,140.149994,137.25,139.949997,139.949997,458411
43014,140.100006,142.5,139.75,141.899994,141.899994,508981
43017,140,142.850006,140,141.550003,141.550003,255984
43018,141.5,142.949997,141.100006,141.600006,141.600006,223789
43019,142,143.600006,138,138.449997,138.449997,433381
43020,138.199997,139,136.199997,138.649994,138.649994,515298
43021,137.550003,141.699997,137.550003,139.600006,139.600006,423115
43024,140,140.899994,137.699997,138.050003,138.050003,455485
43025,138,140.5,138,139.050003,139.050003,589460
43026,138.899994,138.899994,136.100006,136.800003,136.800003,534438
43027,137.050003,137.100006,134.149994,135.050003,135.050003,255289
43031,134.550003,138.399994,133.600006,137.850006,137.850006,407702
43032,138.800003,145.100006,138.75,143.149994,143.149994,874353
43033,157.449997,190.25,157.449997,188.199997,188.199997,16839833
43034,189,206.600006,181.899994,185.350006,185.350006,4736374
43035,185,188.5,173.5,174.300003,174.300003,2838463
43038,174.850006,184.800003,173.399994,174.100006,174.100006,4411535
43039,175.899994,177.699997,168,169.850006,169.850006,5432136
43040,172.149994,175.25,171.300003,172.350006,172.350006,2078629
43041,172.800003,174.600006,168.550003,169.399994,169.399994,1240904
43042,170.5,172.399994,167.25,171.75,171.75,2776988
43045,173.399994,175.949997,170.300003,172,172,4470824
43046,173.600006,174.800003,164.100006,164.949997,164.949997,1692154
43047,165.600006,168,160.800003,162.350006,162.350006,1036662
43048,164,166.199997,161.699997,165.300003,165.300003,831044
43049,165,173.300003,163.949997,169.550003,169.550003,3435726
43052,170.199997,175.399994,169.5,171.800003,171.800003,3353278
43053,172.5,177.350006,172.5,174.399994,174.399994,2854156
43054,177.350006,180.899994,169.449997,174.5,174.5,4528058
43055,176.100006,183.399994,175,182.5,182.5,2799162
43056,189,191.949997,182.050003,183.550003,183.550003,3192698
43059,184.800003,187.800003,182.550003,184.5,184.5,3659020
43060,186.800003,187.449997,179.100006,180.5,180.5,2452907
43061,183.800003,183.800003,177.25,180.550003,180.550003,2451255
43062,181.899994,181.899994,176.100006,178,178,960885
43063,178,179.949997,176.25,176.850006,176.850006,1356783
43066,176,176,174.100006,175.350006,175.350006,1111633
43067,176,176.25,170.899994,172.199997,172.199997,1971244
43068,172.75,173.5,169.800003,171.350006,171.350006,1074447
43069,170.5,172.75,168.399994,169.050003,169.050003,2152845
43070,170,172.399994,165.350006,167.75,167.75,967799
43073,168.600006,170.800003,165.350006,169.399994,169.399994,1366087
43074,169.050003,171.399994,165.399994,169.800003,169.800003,1057344
43075,174,174,165,166,166,972000
43076,166,169,166,167.949997,167.949997,887504
43077,168.100006,169.850006,167.050003,167.5,167.5,1010628
43080,168,169.25,166.949997,167.449997,167.449997,367583
43081,166.550003,168,165,165.5,165.5,583348
43082,165.100006,166.399994,163.100006,163.800003,163.800003,437790
43083,164.800003,166.199997,162.550003,165.550003,165.550003,337216
43084,168,169.199997,165.050003,165.449997,165.449997,455255
43087,165,171.800003,155,169.25,169.25,2434278
43088,171.199997,172.899994,167.350006,168.300003,168.300003,1328469
43089,168.899994,168.899994,166.300003,166.600006,166.600006,331947
43090,166.149994,168.800003,165.899994,167.449997,167.449997,918034
43091,168,171.100006,166.5,167.949997,167.949997,1808043
43095,167.5,167.949997,165.5,166.600006,166.600006,1492333
43096,166.550003,169.550003,165.300003,165.949997,165.949997,1711018
43097,165,167.850006,162.25,162.75,162.75,1833622
43098,164,164,160.050003,160.5,160.5,1012733
43101,160.300003,163.800003,160.300003,161.550003,161.550003,511781
43102,162,162.350006,156.550003,157.899994,157.899994,1203221
43103,157.199997,159.600006,157.050003,157.699997,157.699997,1083428
43104,158.550003,165.300003,157.600006,163.649994,163.649994,2025243
43105,165.050003,166.449997,161.199997,161.649994,161.649994,1312683
43108,161.649994,164,160.850006,161.550003,161.550003,1267722
43109,162,165.5,161.550003,164.199997,164.199997,986067
43110,164.199997,165.649994,161.100006,162.25,162.25,1695127
43111,162,163.850006,161.550003,162.850006,162.850006,766564
43112,163,164.25,160.5,162.550003,162.550003,366377
43115,163.5,164.800003,162.649994,164,164,773275
43116,164.899994,166.600006,156.199997,157,157,1656231
43117,157,165.899994,154.600006,164.949997,164.949997,1295739
43118,167.199997,171,160.800003,162.449997,162.449997,1522359
43119,162.25,166.399994,161.5,165.600006,165.600006,1099838
43122,165.600006,167.75,163.350006,165,165,1166433
43123,164.800003,173.899994,164.600006,173.149994,173.149994,3703331
43124,173.850006,179.649994,170.399994,178.050003,178.050003,3750864
43125,179,179.399994,166.399994,167.199997,167.199997,2082172
43129,170.5,170.5,161.050003,162,162,1420218
43130,162,164,159.850006,160.100006,160.100006,1612355
43131,159.949997,161.75,155.550003,156.949997,156.949997,1730127
43132,159,159,151.949997,152.300003,152.300003,1641948
43133,151.25,156.600006,148,153.050003,153.050003,1680961
43136,150,158.5,149.100006,157.5,157.5,1119427
43137,151.5,158,148.5,154.399994,154.399994,1118089
43138,155,156.699997,152.75,153.75,153.75,822259
43139,154,157.300003,153.350006,156.149994,156.149994,608701
43140,153.899994,158.100006,152.899994,156.399994,156.399994,926345
43143,158.050003,173.25,158.050003,168.649994,168.649994,5621748
43145,167,171.899994,163.899994,165.699997,165.699997,4499020
43146,164,167,156.899994,158.949997,158.949997,2020451
43147,159,160.300003,150.699997,152.399994,152.399994,1757369
43150,150.949997,152.5,138.25,144.050003,144.050003,2661406
43151,141.100006,148.100006,136,144.75,144.75,1997567
43152,146.199997,147.100006,142.350006,145.600006,145.600006,1009438
43153,145.5,146.5,142.149994,143.199997,143.199997,525255
43154,144.899994,148,144.75,145.600006,145.600006,995283
43157,147.5,148,143.199997,143.75,143.75,879574
43158,143.5,143.949997,138.25,141.399994,141.399994,1202623
43159,139,143.449997,138.199997,142,142,1205103
43160,142,143.699997,138,138.399994,138.399994,862710
43164,138,139.699997,136.050003,138.550003,138.550003,592092
43165,140.899994,141.199997,134.399994,135.149994,135.149994,750767
43166,133.5,135.300003,128.699997,132.649994,132.649994,964707
43167,134.100006,135.199997,129.899994,134.350006,134.350006,986453
43168,134.600006,135.850006,130.850006,131.5,131.5,613647
43171,131.050003,133.399994,128.199997,132.25,132.25,862280
43172,132.050003,144.300003,130.949997,141.399994,141.399994,2577603
43173,139.699997,147.399994,137.350006,145.649994,145.649994,1825079
43174,144.100006,146.100006,142.899994,143.699997,143.699997,756280
43175,143.850006,146.899994,142.399994,143.75,143.75,925031
43178,144,145.800003,130,133.399994,133.399994,3159254
43179,131.550003,136.5,130.800003,135.800003,135.800003,1672381
43180,137,138.5,134.100006,135.149994,135.149994,971268
43181,137.800003,137.800003,133.5,135,135,887873
43182,133,136,129.850006,133.100006,133.100006,833948
43185,132.600006,142.300003,132.600006,141.300003,141.300003,1353958
43186,145.199997,146.5,142.100006,143.75,143.75,746936
43187,142,146.449997,141,142.199997,142.199997,73978116
43192,141,144,140.5,142,142,601353
43193,144.800003,148.149994,143.800003,145.25,145.25,1011301
43194,146,146.899994,139.149994,139.949997,139.949997,834851
43195,143,150.050003,141,147.949997,147.949997,1180806
43196,148,151.5,145.949997,150.300003,150.300003,1268170
43199,151.899994,155.350006,150.100006,153.350006,153.350006,2414085
43200,154.25,154.5,151.649994,152.949997,152.949997,799987
43201,153,153,149.300003,150.600006,150.600006,619803
43202,149.550003,152.800003,148.350006,149.100006,149.100006,695629
43203,149.100006,152.75,148.899994,150.550003,150.550003,690376
43206,149,151.100006,147.75,149.649994,149.649994,370283
43207,150.600006,151.699997,147.399994,147.850006,147.850006,533465
43208,148.149994,148.949997,141.050003,141.899994,141.899994,1034117
43209,142.100006,145.550003,140.600006,145.050003,145.050003,657009
43210,144.100006,145,140.899994,143.399994,143.399994,597135
43213,143.149994,145.649994,141.600006,144.100006,144.100006,409755
43214,143,144.5,141.399994,141.75,141.75,278208
43215,140.399994,141.550003,136.149994,136.699997,136.699997,598328
43216,136.699997,137.899994,135.449997,137.300003,137.300003,494478
43217,137.399994,145.149994,137.199997,143.300003,143.300003,1162602
43220,144.300003,149.050003,143.149994,148.649994,148.649994,759082
43222,146,148.699997,141,144.050003,144.050003,436588
43223,145.300003,145.300003,140.649994,143.100006,143.100006,411978
43224,142,146.25,139.199997,139.850006,139.850006,615169
43227,142.699997,144.5,141.199997,143.5,143.5,503390
43228,143.199997,149.350006,141.699997,145.300003,145.300003,872351
43229,144.800003,145.600006,142.5,144.100006,144.100006,547639
43230,144.300003,145.550003,138.199997,138.800003,138.800003,562261
43231,139.5,143.5,137.300003,142.5,142.5,597040
43234,141,144.600006,141,142.75,142.75,342515
43235,142,144.149994,139,139.699997,139.699997,479510
43236,139,139.100006,132,132.399994,132.399994,1175801
43237,132.449997,133.25,129,130.25,130.25,1006780
43238,133,133,125.5,126.550003,126.550003,844048
43241,127.199997,131.699997,126.349998,129.699997,129.699997,873795
43242,129.699997,134.600006,126.800003,132.800003,132.800003,1146980
43243,131,140.5,130.649994,136.199997,136.199997,1623000
43244,138.800003,140.449997,135.199997,138.699997,138.699997,955158
43245,139,142.600006,139,141.199997,141.199997,979068
43248,142.5,148.399994,140.5,145.399994,145.399994,1726786
43249,145.399994,145.399994,139.649994,140.449997,140.449997,814645
43250,139,141.899994,137.800003,138.699997,138.699997,982790
43251,138.800003,139.899994,135.800003,137.050003,137.050003,1807081
43252,137.25,138.449997,134.800003,137.399994,137.399994,1958179
43255,136.100006,137.699997,131.25,131.899994,131.899994,2282355
43256,132,132.899994,126.800003,128.050003,128.050003,2081411
43257,127,131.399994,126.400002,130.649994,130.649994,4053337
43258,131,133.899994,129.850006,131.75,131.75,2624312
43259,131,133.399994,130,132.550003,132.550003,1330906
43262,133.199997,136.350006,132.550003,133.899994,133.899994,1705219
43263,133.899994,134.699997,132.350006,133.300003,133.300003,2503172
43264,134.300003,138.449997,134,136.699997,136.699997,3194246
43265,136.800003,137,134.800003,135.5,135.5,2740688
43266,134.800003,136.199997,130.5,131.550003,131.550003,2488714
43269,131.399994,131.5,129.350006,130.899994,130.899994,2311569
43270,130.899994,131.800003,127.5,128.199997,128.199997,2645091
43271,128.199997,128.449997,124.900002,125.5,125.5,2172568
43272,125.949997,126.349998,121.599998,122.099998,122.099998,1162367
43273,122.099998,122.949997,120.800003,121.75,121.75,807504
43276,121.75,122.099998,116.599998,116.800003,116.800003,899904
43277,116,119.050003,115.199997,118.150002,118.150002,1063277
43278,117.599998,118.650002,113.650002,115.150002,115.150002,1118072
43279,114,116.199997,112.599998,113.099998,113.099998,808939
43280,113.75,115.300003,112.300003,112.800003,112.800003,852734
43283,113.5,115.75,109.599998,113.949997,113.949997,4103711
43284,113.5,114.75,111.900002,113.400002,113.400002,2709898
43285,115,115,112.300003,113.550003,113.550003,2847032
43286,113.25,114.699997,112.75,113.349998,113.349998,2731277
43287,114.400002,117.199997,113.150002,115.900002,115.900002,2933894
43290,116,117.400002,115.300003,117,117,1851011
43291,118,121.099998,116.699997,119.5,119.5,948271
43292,119.400002,122,115.5,116.199997,116.199997,2238809
43293,117.400002,120.349998,117.150002,119.550003,119.550003,1880303
43294,119,119.199997,114.050003,117.25,117.25,3241107
43297,117.099998,117.25,112,113.550003,113.550003,2189111
43298,113.900002,121.699997,112,120.800003,120.800003,1088124
43299,121,122.449997,115.449997,118.300003,118.300003,3523236
43300,119.900002,123,114.849998,120.150002,120.150002,1778553
43301,119.349998,121.599998,117.75,120.949997,120.949997,1539039
43304,121.699997,127,119.349998,126.25,126.25,1238151
43305,126.25,133.5,125.25,132.100006,132.100006,1180455
43306,132.25,134.850006,130.600006,131.949997,131.949997,831398
43307,133,140.25,132.5,138.850006,138.850006,1862023
43308,139,140.949997,135.600006,138.050003,138.050003,1506935
43311,147.100006,152.699997,144.75,151.75,151.75,4369187
43312,151.899994,155.550003,148.300003,153.449997,153.449997,1731583
43313,152.800003,153.649994,148,150.649994,150.649994,1405755
43314,148.399994,149.800003,146.550003,147.449997,147.449997,737839
43315,147.100006,150.75,147.100006,149.550003,149.550003,860792
43318,151.199997,152.25,149.449997,150.649994,150.649994,876278
43319,150.100006,150.899994,145.199997,146.300003,146.300003,911811
43320,146.699997,149.75,146.100006,148.600006,148.600006,730114
43321,150.75,157.449997,148.949997,154.449997,154.449997,2200479
43322,153.699997,155.5,147.5,148.300003,148.300003,1392171
43325,146,149.399994,144.550003,145.5,145.5,779416
43326,147.949997,148.75,145.600006,146.300003,146.300003,647064
43328,146.550003,147.649994,141.850006,142.899994,142.899994,682247
43329,144.899994,147.550003,143,146,146,627680
43332,147.100006,151.800003,146.300003,150.899994,150.899994,620712
43333,153.5,155,149.949997,150.699997,150.699997,1176024
43335,151.5,151.699997,148.550003,149.899994,149.899994,567472
43336,148.899994,151.649994,146.75,147.350006,147.350006,770646
43339,148.600006,152.550003,148.600006,150,150,758096
43340,150,150.75,142.75,143.899994,143.899994,1115576
43341,145,149.5,143.449997,147.350006,147.350006,1005847
43342,146.600006,151,145.75,150,150,947822
43343,149.399994,153.449997,147.300003,152.899994,152.899994,1010999
43346,152.75,156.25,151,151.75,151.75,1134202
43347,152.699997,152.699997,144.649994,145.350006,145.350006,952871
43348,146,146.550003,140.550003,144.449997,144.449997,907996
43349,146.899994,147,144.399994,145.899994,145.899994,632232
43350,146.5,148.300003,144.75,147.850006,147.850006,497269
43353,147.850006,149.850006,145.399994,146.199997,146.199997,679084
43354,148.25,149.5,139.100006,140.699997,140.699997,1075787
43355,141.399994,141.399994,132.800003,133.5,133.5,1954798
43357,135,136.649994,134.100006,134.550003,134.550003,919036
43360,133.949997,135.800003,131.100006,135.100006,135.100006,1167231
43361,121.599998,126.5,112.300003,113.449997,113.449997,8942443
43362,112,118.650002,110.5,116.300003,116.300003,6283506
43364,116.699997,119.25,106,111.650002,111.650002,3477185
43367,112.199997,113.099998,107.099998,107.849998,107.849998,1708269
43368,108.400002,111,104.800003,109.5,109.5,2787997
43369,110.349998,111.199997,107.449997,109.050003,109.050003,1756336
43370,109,109.699997,104.050003,104.550003,104.550003,1292537
43371,105.599998,106.800003,97,99.400002,99.400002,2343159
43374,100,105.650002,95.5,104.5,104.5,1895147
43376,103,107.550003,102,103.349998,103.349998,2123553
43377,100.349998,105.25,100.349998,103.349998,103.349998,2038923
43378,103.349998,104.25,97.699997,98.849998,98.849998,2443931
43381,99.550003,100.5,95.349998,97.650002,97.650002,1930824
43382,98.949997,99,92.800003,93.550003,93.550003,1466136
43383,94,96.849998,92.900002,95.75,95.75,1768168
43384,90.699997,95.199997,90.699997,93.900002,93.900002,1549182
43385,96.150002,98.199997,94.900002,96.199997,96.199997,1831556
43388,96.199997,97.650002,95.5,97.199997,97.199997,976518
43389,98.099998,101.150002,97.449997,100,100,1202805
43390,102.5,102.599998,98.75,99.25,99.25,2033765
43392,99.099998,102.75,97.599998,102.150002,102.150002,1659903
43395,103.099998,105.349998,101.400002,102.699997,102.699997,1616561
43396,102.150002,103.5,100.949997,101.599998,101.599998,1170271
43397,103.5,103.5,100.900002,102.5,102.5,980314
43398,101,102.800003,97.900002,98.599998,98.599998,859147
43399,99.099998,101.599998,97.900002,98.900002,98.900002,1501109
43402,99.5,108,98.349998,107.050003,107.050003,2391549
43403,107.800003,113.5,106.050003,110,110,4004868
43404,114.800003,115.050003,110,110.800003,110.800003,4130130
43405,111.449997,111.849998,107,107.699997,107.699997,1808826
43406,108.800003,113.25,108.5,109.650002,109.650002,2436519
43409,110,112.400002,108.800003,111.349998,111.349998,1209250
43410,113,113,109.800003,110.5,110.5,1511176
43411,111.5,111.699997,110.599998,111.050003,111.050003,144134
43413,112.5,113.199997,110.550003,111.400002,111.400002,1208857
43416,111.800003,111.900002,108.949997,109.400002,109.400002,741288
43417,109,109.150002,106.5,108.599998,108.599998,924510
43418,109,113.849998,109,112.650002,112.650002,1901562
43419,113.5,114.400002,111.300003,113,113,926911
43420,114,115.900002,110.150002,115.150002,115.150002,1840702
43423,116.900002,118.300003,114.349998,115.449997,115.449997,1684642
43424,114,115.599998,109.25,110.400002,110.400002,2198872
43425,111.099998,113.400002,110.5,111.949997,111.949997,1189788
43426,112.449997,113.050003,109.599998,109.949997,109.949997,908080
43430,111.400002,111.400002,107.150002,108.900002,108.900002,1046978
43431,109.25,110.599998,108.300003,109.050003,109.050003,723242
43432,113,113,103.599998,104.699997,104.699997,1071357
43433,105.5,106.699997,103.599998,105,105,1065507
43434,105.849998,106.550003,103,104.699997,104.699997,2376415
43437,106.800003,108.050003,104.900002,107,107,2338912
43438,108.400002,109.199997,106.349998,107.75,107.75,1139794
43439,106,107.949997,106,107.5,107.5,769444
43440,107.5,107.5,104.650002,105.099998,105.099998,615461
43441,107,107,103,106.300003,106.300003,4324468
43444,103.099998,106.800003,102.550003,105.849998,105.849998,609782
43445,103,109.599998,103,108.75,108.75,2666697
43446,110.400002,114.449997,109.449997,113.099998,113.099998,1433550
43447,114.800003,115.650002,111.25,111.949997,111.949997,1248015
43448,111.449997,113.150002,110.849998,111.300003,111.300003,624495
43451,111.5,112.5,111.099998,111.699997,111.699997,423539
43452,111.400002,113.800003,110.25,112.300003,112.300003,757480
43453,113.5,117,113.050003,115.400002,115.400002,2011359
43454,115.400002,116.900002,113.849998,114.849998,114.849998,1003192
43455,114.5,116.400002,114.349998,115,115,814196
43458,116.25,116.849998,114.550003,115.349998,115.349998,656077
43460,115.5,118.800003,113,117.449997,117.449997,944952
43461,119.199997,119.400002,115.900002,116.599998,116.599998,873924
43462,117.300003,118.900002,117.099998,118.400002,118.400002,525006
43465,118.5,119.949997,118.25,118.849998,118.849998,551673
43466,119.25,124.449997,118.300003,123.300003,123.300003,2747247
43467,123.5,124.599998,118.300003,119.400002,119.400002,2043756
43468,121.800003,123.349998,118.199997,119.400002,119.400002,2582879
43469,121,122.150002,118.5,121.550003,121.550003,1338369
43472,122.800003,123.599998,121.599998,122.199997,122.199997,931969
43473,122.800003,124.099998,121.75,123.800003,123.800003,597296
43474,124,124.5,121.5,123.050003,123.050003,773070
43475,122.800003,124.050003,122.050003,123.400002,123.400002,492588
43476,123.800003,123.800003,119.699997,120.949997,120.949997,864063
43479,121.25,123.099998,120.050003,121.099998,121.099998,626698
43480,121.599998,122,120.849998,121.25,121.25,388907
43481,121.949997,123.199997,120.849998,121,121,529622
43482,121.099998,121.599998,118.050003,119.150002,119.150002,569621
43483,119.5,119.800003,117.550003,117.949997,117.949997,559671
43486,118.75,119,115.5,116.449997,116.449997,547915
43487,117,117,113.5,113.849998,113.849998,622266
43488,113.099998,114.800003,111.199997,111.599998,111.599998,715468
43489,112.300003,114.650002,111.5,113.150002,113.150002,650697
43490,113.900002,114.199997,109.5,110.050003,110.050003,580859
43493,111.699997,111.949997,107.75,109.199997,109.199997,848023
43494,109.199997,115,108.900002,113.849998,113.849998,1165834
43495,116.650002,118.199997,112.400002,113.650002,113.650002,2215595
43496,115,115,110.599998,112.449997,112.449997,769378
43497,113.949997,113.949997,109.050003,110.949997,110.949997,1127803
43500,110.75,112.099998,107.800003,110.199997,110.199997,699472
43501,110.5,111.599998,107.199997,108.25,108.25,666385
43502,109,109.349998,106.050003,109,109,451069
43503,109.25,110.300003,108,108.800003,108.800003,694981
43504,109,109,104,104.949997,104.949997,2750993
43507,106.449997,106.449997,102.949997,103.900002,103.900002,484918
43508,104.099998,105.400002,102.25,102.599998,102.599998,519898
43510,103,104.300003,101.300003,103.599998,103.599998,619578
43511,103.599998,104.5,100.599998,101,101,628275
43514,101.949997,101.949997,98.599998,99.099998,99.099998,802838
43515,99.949997,104.150002,99.25,102.150002,102.150002,1126014
43516,102.75,104.25,102,103.050003,103.050003,656788
43517,104.599998,105,102.599998,103,103,692893
43518,102.599998,103.650002,102.300003,102.849998,102.849998,582005
43521,104,104,102.599998,103,103,568274
43522,102.599998,102.599998,99.449997,101.550003,101.550003,849293
43523,102,103.699997,100.349998,101,101,789680
43524,101.900002,102,100.800003,101.050003,101.050003,547477
43525,101.849998,108.400002,101.849998,107.900002,107.900002,1777391
43529,108,113.5,107.599998,112.199997,112.199997,1586421
43530,110,113.699997,110,112.199997,112.199997,980830
43531,112.199997,116.75,111.050003,115.150002,115.150002,1441232
43532,116,116.849998,113.300003,113.75,113.75,1069365
43535,114.400002,117.099998,114.199997,115.900002,115.900002,767647
43536,116.550003,117.849998,114.300003,115.300003,115.300003,701002
43537,115.949997,117.650002,113.599998,115.75,115.75,734839
43538,116,117.900002,114.400002,116.599998,116.599998,937909
43539,116.599998,119.800003,116.050003,117.949997,117.949997,1287217
43542,117.949997,121.199997,117.949997,120.400002,120.400002,1110749
43543,121.75,125.849998,121,124.300003,124.300003,1644256
43544,126,127.199997,123.150002,125.25,125.25,1178086
43546,126,126.949997,119.5,120.150002,120.150002,988457
43549,119.650002,119.650002,116.599998,118.199997,118.199997,690524
43550,119.800003,122.400002,118.75,121.099998,121.099998,628660
43551,122.849998,123.449997,120.400002,121.550003,121.550003,955110
43552,121.949997,130.399994,121.550003,129.600006,129.600006,2304658
43556,133,137.149994,130.300003,132.850006,132.850006,2751152
43557,133.850006,135.399994,130.949997,133.25,133.25,1766428
43558,134.399994,137,131.199997,131.899994,131.899994,1570088
43559,133.600006,134,130.149994,131.149994,131.149994,1441260
43560,132,132.899994,128.850006,130.649994,130.649994,1366355
43563,131.5,134.199997,129.300003,129.949997,129.949997,1074631
43564,130.550003,132.649994,127.900002,132,132,1076246
43565,132.5,132.699997,129,129.649994,129.649994,962298
43566,129.850006,130.149994,127.699997,128.699997,128.699997,796441
43567,129.149994,131.699997,127.849998,130.75,130.75,916175
43570,131.449997,132.149994,129.600006,130.300003,130.300003,792626
43571,131.600006,131.600006,130.050003,130.600006,130.600006,466603
43573,131.399994,131.399994,125.849998,126.349998,126.349998,1063641
43577,126.5,126.550003,123,123.650002,123.650002,1052934
43578,124.400002,126.5,122.699997,123.050003,123.050003,968079
43579,124.099998,125.449997,122.800003,125.099998,125.099998,795135
43580,125.099998,125.699997,121.550003,122.150002,122.150002,785369
43581,123.5,123.900002,121.699997,123.300003,123.300003,493565
43585,123.199997,123.199997,113.800003,116.400002,116.400002,1310927
43587,117.400002,118.050003,115,115.949997,115.949997,1016477
43588,117,121,116.550003,118.949997,118.949997,966742
43591,118,118.5,115.599998,116.199997,116.199997,367713
43592,117.5,117.650002,112.099998,112.550003,112.550003,550463
43593,113.150002,113.900002,110.300003,110.900002,110.900002,698049
43594,111,112.650002,109.949997,111.300003,111.300003,735105
43595,112.300003,114.900002,110.699997,113.75,113.75,1056897
43598,113.599998,113.599998,105,105.849998,105.849998,1254402
43599,105.150002,110.75,104.150002,109.550003,109.550003,1112734
43600,110.599998,110.599998,107.199997,107.699997,107.699997,719007
43601,108.199997,110.199997,105.800003,109.599998,109.599998,748833
43602,109.800003,112.650002,107.75,112.050003,112.050003,765675
43605,116.5,124.349998,115.400002,122.849998,122.849998,2289213
43606,123.849998,127.300003,121.800003,125.349998,125.349998,1703962
43607,126.5,128.25,125,126.199997,126.199997,1495021
43608,128.949997,143.600006,126.650002,127.5,127.5,6804942
43609,129.5,138.399994,128.699997,137.050003,137.050003,3564971
43612,137,141.600006,136.350006,140.600006,140.600006,2012214
43613,141,143.600006,136.899994,139.850006,139.850006,2101152
43614,139.5,139.5,135.699997,136.300003,136.300003,1172556
43615,136.300003,137.75,134.300003,134.949997,134.949997,1072603
43616,137.449997,138.149994,130,133.25,133.25,1955943
43619,133.600006,133.949997,129.350006,131.600006,131.600006,1744965
43620,131.949997,135.100006,131,132.600006,132.600006,1904427
43622,133.199997,133.199997,122.25,124.199997,124.199997,3340850
43623,123.699997,124.949997,120.349998,121.25,121.25,1472198
43626,123,124.699997,117.400002,118,118,1383304
43627,119.5,121.949997,117.650002,121.199997,121.199997,1084931
43628,121,122.5,119.949997,121.25,121.25,995105
43629,121.900002,121.900002,117.25,120.849998,120.849998,2141212
43630,121,121.75,118.099998,119,119,1084328
43633,119.949997,119.949997,116.150002,116.650002,116.650002,904151
43634,117.25,118.349998,115.099998,116.599998,116.599998,1071057
43635,117.099998,119.199997,114.349998,115.800003,115.800003,953544
43636,116.900002,119,115.300003,118.550003,118.550003,974404
43637,117.400002,119.400002,117.199997,118,118,779167
43640,118.5,120,117.400002,118.25,118.25,704158
43641,118.75,120.349998,117.800003,119.949997,119.949997,739299
43642,119.900002,121.75,119,121.400002,121.400002,734935
43643,122,123.099998,120.400002,121.400002,121.400002,1049577
43644,121,125.5,120.599998,121.849998,121.849998,1942604
43647,122.599998,122.800003,119.849998,121.199997,121.199997,1043089
43648,121.199997,121.949997,120.150002,120.599998,120.599998,732411
43649,121.150002,126,119.599998,125.449997,125.449997,1675185
43650,126.900002,130.899994,126.099998,129.399994,129.399994,2391787
43651,130.050003,132.800003,127.199997,130.399994,130.399994,3381576
43654,130.399994,130.850006,123.099998,124.550003,124.550003,1802378
43655,123.75,126.400002,122.650002,125.800003,125.800003,1189459
43656,126.5,127.349998,123.699997,124.199997,124.199997,1083131
43657,125.5,126.449997,123.900002,125.849998,125.849998,1593546
43658,126,127.25,124.949997,125.849998,125.849998,773304
43661,125.849998,125.849998,121.699997,122,122,950379
43662,122.400002,124.599998,120.599998,124.099998,124.099998,1182949
43663,124.699997,128.300003,123.300003,127.25,127.25,1233471
43664,127.650002,127.650002,121.099998,121.400002,121.400002,1264015
43665,122,122.699997,116.900002,118,118,1235944
43668,117.900002,119.300003,115.949997,118.300003,118.300003,934072
43669,119.550003,119.550003,112.099998,112.599998,112.599998,1442330
43670,113.900002,113.900002,109.25,110.300003,110.300003,1318468
43671,110.650002,111.099998,108.349998,109.550003,109.550003,1333844
43672,111.099998,114.25,110.050003,112.550003,112.550003,1579228
43675,113,113,108.650002,109,109,1085562
43676,109.099998,109.949997,101.400002,102.699997,102.699997,1605782
43677,102.699997,107.400002,101.75,106.650002,106.650002,1244225
43678,104.75,107.099998,102.849998,105.400002,105.400002,1072041
43679,104.699997,107.050003,103,104.849998,104.849998,1584476
43682,104.300003,104.300003,99.150002,103.199997,103.199997,1409678
43683,101.599998,105.25,101.599998,104.25,104.25,935228
43684,104.900002,105.699997,97.050003,97.650002,97.650002,1840088
43685,98.849998,101,96.550003,100.099998,100.099998,2105092
