Date,Date,Open,High,Low,Close,Adj Close,Volume
21-07-2014,41841,1234,1234.930054,1221.530029,1231.880005,1061.919922,981072
22-07-2014,41842,1232.5,1270,1230.949951,1266.199951,1091.504761,2399016
23-07-2014,41843,1270,1298.150024,1266.150024,1293.069946,1114.667603,2065858
24-07-2014,41844,1297.449951,1301,1283.5,1297.599976,1118.572388,1481418
25-07-2014,41845,1297,1307.180054,1283.5,1302.880005,1123.123901,1806914
28-07-2014,41848,1288.569946,1299.819946,1277.5,1294.650024,1120.328857,1314922
30-07-2014,41850,1292.400024,1305,1286.300049,1297.530029,1122.821289,1899252
31-07-2014,41851,1287.550049,1299,1284.619995,1290.030029,1116.330933,2407210
01-08-2014,41852,1287.5,1293.969971,1255,1258.199951,1088.786743,2381882
04-08-2014,41855,1266,1270.949951,1244,1263.030029,1092.966187,1828636
05-08-2014,41856,1272.449951,1272.5,1245.050049,1261.849976,1091.945313,1404656
06-08-2014,41857,1258.069946,1267.430054,1245.119995,1253.319946,1084.564087,1837562
07-08-2014,41858,1245,1247.5,1229.530029,1234.900024,1068.624146,1672656
08-08-2014,41859,1232.5,1253.849976,1232.5,1239.349976,1072.474731,1464790
11-08-2014,41862,1245.449951,1247.780029,1227.5,1234.199951,1068.018555,1290896
12-08-2014,41863,1244.949951,1244.949951,1220.099976,1235.880005,1069.472046,984552
13-08-2014,41864,1235,1265,1235,1250.030029,1081.716919,2768378
14-08-2014,41865,1257,1266,1245.030029,1249.880005,1081.586914,1578056
18-08-2014,41869,1245.530029,1252.5,1235,1243.800049,1076.325684,1373260
19-08-2014,41870,1250,1252.449951,1217.5,1219.25,1055.081177,3234156
20-08-2014,41871,1222.25,1227.530029,1215.030029,1218.099976,1054.08606,2056758
21-08-2014,41872,1223.5,1230,1215,1216.219971,1052.459473,2265450
22-08-2014,41873,1222,1234.099976,1217.900024,1232.099976,1066.20105,3096238
25-08-2014,41876,1235,1264.25,1233.449951,1261.030029,1091.235474,3143512
26-08-2014,41877,1264.5,1275,1250,1266.900024,1096.315552,1815490
27-08-2014,41878,1267,1283.699951,1257.030029,1274.969971,1103.298584,1435460
28-08-2014,41879,1273.5,1274.650024,1256.5,1261.180054,1091.365601,1766288
01-09-2014,41883,1262.699951,1280,1261.530029,1268.569946,1097.760376,810148
02-09-2014,41884,1272.900024,1277.400024,1257.050049,1268.949951,1098.089111,1407940
03-09-2014,41885,1269.5,1308,1269.5,1303.199951,1127.727539,3061690
04-09-2014,41886,1311,1313.719971,1288.719971,1292.380005,1118.364624,1701598
05-09-2014,41887,1299.949951,1310.900024,1291.530029,1299.300049,1124.352783,1467060
08-09-2014,41890,1306,1325,1299.530029,1321.349976,1143.43396,1697342
09-09-2014,41891,1326,1333.5,1312.550049,1315.619995,1138.475586,1418098
10-09-2014,41892,1319,1321.380005,1295.599976,1300.069946,1125.019043,1258768
11-09-2014,41893,1305,1312.199951,1295.75,1299.180054,1124.249023,1075622
12-09-2014,41894,1305,1312.180054,1296.599976,1303.800049,1128.247192,1196210
15-09-2014,41897,1307,1309.300049,1277,1279.150024,1106.915894,1151544
16-09-2014,41898,1283,1287.5,1272,1275.430054,1103.696777,1535608
17-09-2014,41899,1280.5,1302.380005,1280.5,1295.599976,1121.151123,1657700
18-09-2014,41900,1295.849976,1325.900024,1290.5,1321.150024,1143.26062,1483078
19-09-2014,41901,1321.5,1370,1321,1357.099976,1174.370117,3587864
22-09-2014,41904,1357,1367,1338.119995,1360.900024,1177.658569,999584
23-09-2014,41905,1362,1391.219971,1341.650024,1344.099976,1163.120361,2055990
24-09-2014,41906,1346.5,1353.469971,1316.380005,1321.5,1143.563843,2442132
25-09-2014,41907,1330.469971,1362.5,1330,1354.300049,1171.947144,2473158
26-09-2014,41908,1355,1362.449951,1335.050049,1342,1161.303345,1612712
29-09-2014,41911,1347.699951,1387.719971,1337.650024,1383.969971,1197.622192,2089534
30-09-2014,41912,1386.469971,1388.319946,1354.069946,1368.300049,1184.062256,2788954
01-10-2014,41913,1376,1401,1368.5,1387.800049,1200.936523,2142022
07-10-2014,41919,1369.800049,1419.849976,1362.800049,1365.680054,1181.795044,3457674
08-10-2014,41920,1369,1369.969971,1324.619995,1341.599976,1160.957031,1962442
09-10-2014,41921,1354,1361.650024,1343.25,1353.030029,1170.848389,1685176
10-10-2014,41922,1353,1363.719971,1334.25,1339.25,1158.923706,2344362
13-10-2014,41925,1340,1362.400024,1335,1358.280029,1175.391235,2209532
14-10-2014,41926,1365,1367.849976,1339.400024,1349.599976,1167.880249,2369406
15-10-2014,41927,1349.599976,1349.599976,1349.599976,1349.599976,1167.880249,0
16-10-2014,41928,1365,1379.300049,1332.119995,1339.050049,1158.750244,3848014
17-10-2014,41929,1237.5,1255.680054,1215,1220.569946,1056.223511,9892812
20-10-2014,41932,1245,1246.800049,1208.969971,1211.650024,1048.504761,3399242
21-10-2014,41933,1212.930054,1221.880005,1207.5,1216.699951,1052.874756,1950732
22-10-2014,41934,1242.5,1244.5,1222.550049,1225.930054,1060.861816,2067664
27-10-2014,41939,1259.5,1259.849976,1222.469971,1228.569946,1063.146606,2797208
28-10-2014,41940,1242.449951,1242.449951,1226.719971,1239.300049,1072.431641,2289958
29-10-2014,41941,1237.5,1257,1236.5,1253.030029,1088.705566,2425016
30-10-2014,41942,1260.900024,1287.449951,1254.5,1279.099976,1111.356323,4111292
31-10-2014,41943,1280.5,1310,1280.5,1303.930054,1132.930176,3170070
03-11-2014,41946,1324.5,1324.5,1290.25,1295.180054,1125.327881,2541632
05-11-2014,41948,1319,1319,1295,1299.75,1129.29834,2310642
07-11-2014,41950,1302.400024,1307.849976,1278.5,1286.430054,1117.725342,2126740
10-11-2014,41953,1287.550049,1291,1275.5,1284.819946,1116.326172,1541964
11-11-2014,41954,1289,1297,1277.699951,1290.349976,1121.131348,1249940
12-11-2014,41955,1290,1305.5,1287.5,1295.880005,1125.935669,1320582
13-11-2014,41956,1297.5,1302.449951,1282.569946,1294.219971,1124.49353,1645540
14-11-2014,41957,1292.599976,1305.569946,1287.5,1303.219971,1132.313354,1457174
17-11-2014,41960,1297.550049,1312.5,1296.119995,1309.150024,1137.465576,1570552
18-11-2014,41961,1310,1313.319946,1289.880005,1292.930054,1123.372681,1467026
19-11-2014,41962,1299,1299,1278.719971,1286.880005,1118.116089,1865746
20-11-2014,41963,1294,1305.119995,1280.280029,1302.719971,1131.87915,1795386
21-11-2014,41964,1304,1320,1293.319946,1311.069946,1139.133789,2001594
24-11-2014,41967,1311,1332.5,1311,1328.849976,1154.58252,1942766
25-11-2014,41968,1330,1339.699951,1308,1318,1145.155273,2371684
26-11-2014,41969,1315.030029,1328.180054,1307.5,1313.650024,1141.375366,1584800
27-11-2014,41970,1313.650024,1334,1312.650024,1326.650024,1152.670654,1732418
28-11-2014,41971,1329.180054,1345.949951,1317.680054,1321.5,1148.196411,1989768
01-12-2014,41974,1325.25,1350,1322.619995,1346.469971,1169.891235,1896354
02-12-2014,41975,1346.5,1355.469971,1324.680054,1328.650024,1154.408325,1436572
03-12-2014,41976,1335.949951,1336.699951,1309.25,1317.680054,1144.877197,3094670
04-12-2014,41977,1332,1333.5,1314.949951,1318.969971,1145.997437,1285308
05-12-2014,41978,1320.449951,1324.900024,1286.069946,1289.469971,1120.366577,2359676
08-12-2014,41981,1297.5,1297.5,1250.819946,1256.400024,1091.633423,3232574
09-12-2014,41982,1258,1279.5,1254.550049,1257.430054,1092.528442,2487940
10-12-2014,41983,1257.5,1265.949951,1248.099976,1253.949951,1089.504761,2087970
11-12-2014,41984,1250.300049,1261.449951,1243.5,1246.069946,1082.658081,1938822
12-12-2014,41985,1250,1260,1211.319946,1225.349976,1064.655273,2380786
15-12-2014,41988,1192.449951,1192.5,1176.119995,1179.319946,1024.661743,3487788
16-12-2014,41989,1175,1229.619995,1172.5,1221.530029,1061.336548,3339140
17-12-2014,41990,1226.699951,1235,1202.619995,1222.050049,1061.788086,2287076
18-12-2014,41991,1227.550049,1234.25,1217.400024,1230.349976,1068.999512,1481444
19-12-2014,41992,1235.650024,1261.880005,1234,1255.280029,1090.6604,1903130
22-12-2014,41995,1263,1264.5,1237.199951,1256.699951,1091.893921,1643954
23-12-2014,41996,1250,1268.319946,1247.300049,1258.349976,1093.327515,1266476
24-12-2014,41997,1257.5,1260.430054,1232.819946,1239.949951,1077.340332,3288972
26-12-2014,41999,1243,1255,1232.5,1252.5,1088.244873,626206
29-12-2014,42002,1254,1268.469971,1253.5,1261.449951,1096.021118,778920
30-12-2014,42003,1262.5,1271.219971,1258,1265.030029,1099.131714,701342
31-12-2014,42004,1266.349976,1283.199951,1262.5,1279.119995,1111.373657,1573792
01-01-2015,42005,1283.5,1283.5,1270.5,1272.780029,1105.865356,366830
02-01-2015,42006,1275.5,1295.469971,1275.300049,1289.719971,1120.583984,925740
05-01-2015,42009,1290.5,1299.949951,1262.319946,1270.119995,1103.554321,1754242
06-01-2015,42010,1264.550049,1264.550049,1220,1223.300049,1062.874268,2423784
07-01-2015,42011,1235,1239.569946,1203.719971,1208.849976,1050.319214,2636332
08-01-2015,42012,1221.199951,1224.5,1210.280029,1221.900024,1061.657715,1565408
09-01-2015,42013,1227.5,1259.949951,1225,1256.150024,1091.41626,3197642
12-01-2015,42016,1258.5,1264,1240.119995,1254.849976,1090.286621,1596006
13-01-2015,42017,1260,1265.199951,1240.050049,1248.949951,1085.160278,1468432
14-01-2015,42018,1258,1265.900024,1250.25,1260.969971,1095.603882,1787096
15-01-2015,42019,1266.5,1290.880005,1261.619995,1269.550049,1103.058716,5009920
16-01-2015,42020,1271.849976,1272.5,1242.150024,1266.069946,1100.035278,5293830
19-01-2015,42023,1268,1275.5,1251.5,1255.5,1090.851318,1135074
20-01-2015,42024,1260,1265,1241.619995,1250.219971,1086.264038,2058566
21-01-2015,42025,1261,1261,1244.119995,1256.900024,1092.067993,2310480
22-01-2015,42026,1258.25,1260.619995,1247.75,1256.780029,1091.963501,2113214
23-01-2015,42027,1257,1266.030029,1248.050049,1251.800049,1087.636841,3150380
27-01-2015,42031,1256.180054,1257.5,1244.780029,1251.030029,1091.326538,2738736
28-01-2015,42032,1251.5,1272.449951,1251.449951,1269.800049,1107.700439,3121980
29-01-2015,42033,1269,1284.349976,1256.449951,1272.319946,1109.898804,3734392
30-01-2015,42034,1280.349976,1287.5,1235,1241.030029,1082.603271,5817402
02-02-2015,42037,1241,1260.719971,1231.030029,1257.099976,1096.621826,3181802
03-02-2015,42038,1255.819946,1282.5,1253.550049,1279.119995,1115.830688,2345054
04-02-2015,42039,1284,1285.849976,1251.050049,1257.150024,1096.665527,2245418
05-02-2015,42040,1260,1295.849976,1259.5,1276.199951,1113.283325,4530168
06-02-2015,42041,1276.5,1297.400024,1275.430054,1287.880005,1123.472412,2136416
09-02-2015,42044,1280.75,1284.550049,1250,1256.449951,1096.054688,2076432
10-02-2015,42045,1255,1263.119995,1216.5,1220.569946,1064.754883,3799054
11-02-2015,42046,1227.530029,1243.619995,1223.619995,1229.949951,1072.937744,2937522
12-02-2015,42047,1239.900024,1239.900024,1223.5,1231.069946,1073.914307,3107980
13-02-2015,42048,1235,1273.880005,1230.119995,1269.380005,1107.333984,4158326
16-02-2015,42051,1280,1297.5,1277.5,1292.400024,1127.415405,2364392
18-02-2015,42053,1292.530029,1321.5,1282.619995,1317.819946,1149.590332,2660014
19-02-2015,42054,1318,1343.650024,1317.5,1340.530029,1169.401489,2618002
20-02-2015,42055,1349.400024,1349.400024,1321.119995,1337.780029,1167.002441,1801588
23-02-2015,42058,1335.5,1361,1335.5,1348.319946,1176.196777,1614892
24-02-2015,42059,1347,1365,1339.5,1352.380005,1179.738525,2199922
25-02-2015,42060,1355,1361,1333.930054,1336.099976,1165.536865,1767994
26-02-2015,42061,1339.5,1346.380005,1312.680054,1328.219971,1158.66272,1991994
27-02-2015,42062,1329.719971,1337.880005,1308.150024,1331.180054,1161.244873,2877376
28-02-2015,42063,null,null,null,null,null,null
02-03-2015,42065,1339.849976,1354.469971,1326.280029,1334.699951,1164.315552,2176038
03-03-2015,42066,1341,1395,1338.069946,1388,1210.811401,3424308
04-03-2015,42067,1394,1406.050049,1357.819946,1373,1197.726318,3862994
05-03-2015,42068,1375,1385.349976,1340.530029,1348.219971,1176.109497,2173514
09-03-2015,42072,1320,1339.900024,1305,1323.400024,1154.45813,2883174
10-03-2015,42073,1324.449951,1339.119995,1297.619995,1321.349976,1152.670044,3037052
11-03-2015,42074,1321,1329.969971,1298.900024,1303.280029,1136.906738,2240200
12-03-2015,42075,1311.949951,1312.449951,1295.050049,1309.530029,1142.358643,1827636
13-03-2015,42076,1319,1319.969971,1287.5,1291.180054,1126.351318,1586838
16-03-2015,42079,1292.599976,1305,1276,1281.150024,1117.601807,1556296
17-03-2015,42080,1291.25,1303.349976,1278.880005,1291.849976,1126.935303,1267318
18-03-2015,42081,1295.469971,1299.719971,1275.849976,1279.680054,1116.319214,1255170
19-03-2015,42082,1288,1302.930054,1284.050049,1298.119995,1132.405273,2448964
20-03-2015,42083,1298,1309,1289.430054,1305.469971,1138.817139,1963908
23-03-2015,42086,1308,1315.5,1303,1308.569946,1141.521118,1566608
24-03-2015,42087,1315,1318.5,1291.050049,1295.650024,1130.25061,2394878
25-03-2015,42088,1295.699951,1307,1272.599976,1286.880005,1122.599854,2224858
26-03-2015,42089,1276.650024,1293.349976,1250.5,1256.550049,1096.141968,3091642
27-03-2015,42090,1265.5,1285.949951,1252.050049,1257.400024,1096.883423,2751776
30-03-2015,42093,1262.5,1284.949951,1260,1282.069946,1118.404175,1339006
31-03-2015,42094,1284.719971,1284.719971,1260.5,1276.969971,1113.955078,2427028
01-04-2015,42095,1279,1281.800049,1261.119995,1271.319946,1109.026367,2075758
06-04-2015,42100,1279,1281.449951,1250.050049,1273.650024,1111.059082,1568542
07-04-2015,42101,1281.219971,1299.5,1272,1292.5,1127.502563,1886922
08-04-2015,42102,1297,1328.25,1295.430054,1320.699951,1152.102661,1652134
09-04-2015,42103,1329.5,1343.719971,1317.569946,1332.280029,1162.204102,2544450
10-04-2015,42104,1324.25,1335.400024,1314,1326.880005,1157.493652,1815544
13-04-2015,42107,1332,1332.5,1314,1327.75,1158.25293,1308642
15-04-2015,42109,1327.349976,1356.949951,1304.699951,1313.880005,1146.153198,2913934
16-04-2015,42110,1313.469971,1313.5,1285.680054,1291.400024,1126.542969,3217570
17-04-2015,42111,1278.550049,1280,1235,1237.430054,1079.463135,9668742
20-04-2015,42114,1240.030029,1241.949951,1212.430054,1214.400024,1059.372559,2890722
21-04-2015,42115,1214.400024,1226,1200.5,1213.530029,1058.613647,2546032
22-04-2015,42116,1215.75,1236.5,1203.780029,1222.550049,1066.482422,4186812
23-04-2015,42117,1236,1239.900024,1215.849976,1228.619995,1071.777588,4342990
24-04-2015,42118,1227.650024,1257,1223.780029,1246.530029,1087.401367,3625158
27-04-2015,42121,1249.75,1260,1243,1250.099976,1090.515503,2733052
28-04-2015,42122,1255,1255,1227.550049,1247.5,1088.247314,3088298
29-04-2015,42123,1242,1247.5,1225.530029,1243.650024,1084.888916,2019620
30-04-2015,42124,1240,1245,1213.550049,1231.849976,1074.595215,3738054
04-05-2015,42128,1245.5,1252.400024,1228.599976,1240.780029,1082.385254,1890630
05-05-2015,42129,1250.5,1268.219971,1250,1258.930054,1098.218262,3255070
06-05-2015,42130,1257.5,1257.5,1227.900024,1231.530029,1074.315918,3394406
07-05-2015,42131,1232.449951,1276.880005,1226.849976,1272.619995,1110.160278,3205028
08-05-2015,42132,1280,1294,1258.150024,1263.619995,1102.30957,3003664
11-05-2015,42135,1267.5,1281.530029,1262.5,1278,1114.853882,2573082
12-05-2015,42136,1280,1282.5,1256.5,1261.449951,1100.416382,2467386
13-05-2015,42137,1273.5,1273.5,1240.219971,1257.699951,1097.145142,1863774
14-05-2015,42138,1260,1260,1242.5,1249.619995,1090.096436,1309050
15-05-2015,42139,1257.5,1266.199951,1250.5,1255.569946,1095.286987,1461454
18-05-2015,42142,1257.050049,1262.619995,1248.550049,1260.199951,1099.326172,4507752
19-05-2015,42143,1259.699951,1265,1248.380005,1256.349976,1095.967407,1957722
20-05-2015,42144,1260,1284.949951,1258.449951,1278.530029,1115.315918,1897814
21-05-2015,42145,1278.5,1290,1274.069946,1277.75,1114.635498,1579578
22-05-2015,42146,1275,1314.380005,1269.619995,1308.949951,1141.852661,2691632
25-05-2015,42149,1310,1318.449951,1292.849976,1300.5,1134.481201,982978
26-05-2015,42150,1302.5,1311.619995,1294.449951,1304.430054,1137.90979,1961740
27-05-2015,42151,1304,1316.569946,1296,1307.619995,1140.692749,1620690
28-05-2015,42152,1301.949951,1311.5,1291.119995,1304.75,1138.188965,2763608
29-05-2015,42153,1308.5,1324.300049,1298.619995,1305.150024,1138.537842,4423532
01-06-2015,42156,1304.719971,1323.550049,1304.180054,1308.880005,1141.791626,882264
02-06-2015,42157,1308,1315,1295.25,1299.949951,1134.001587,3935820
03-06-2015,42158,1302,1312.800049,1295.25,1305.449951,1138.799683,1804684
04-06-2015,42159,1308.550049,1311.400024,1294.25,1302.819946,1136.505371,4131468
05-06-2015,42160,1296,1304.5,1285,1287.930054,1144.601685,2308534
08-06-2015,42163,1295,1295,1280.819946,1288.719971,1145.303711,1570320
09-06-2015,42164,1292.5,1295,1275.5,1280.819946,1138.282715,2578914
10-06-2015,42165,1283,1305,1281.900024,1300.380005,1155.666016,2763350
11-06-2015,42166,1302.75,1306.5,1278.380005,1285.650024,1142.575073,1847336
12-06-2015,42167,1285.949951,1294.469971,1238.400024,1252.900024,1113.469727,2571456
15-06-2015,42170,1252.650024,1260.219971,1240.5,1252.400024,1113.025513,2525176
16-06-2015,42171,1250,1259.650024,1247.219971,1256,1116.224609,1267396
17-06-2015,42172,1260.5,1264.569946,1250.900024,1256.900024,1117.02478,1975720
18-06-2015,42173,1257.5,1273.150024,1254,1265.030029,1124.249756,2165046
19-06-2015,42174,1267.5,1277.5,1263.550049,1274.780029,1132.914795,1999610
22-06-2015,42177,1273.5,1300,1273.5,1295.75,1151.551147,1102002
23-06-2015,42178,1300,1304,1283.599976,1287.300049,1144.041504,898318
24-06-2015,42179,1290,1293.949951,1279.430054,1285.150024,1142.130859,1170246
25-06-2015,42180,1281,1286.5,1272.069946,1275,1133.110474,1930992
26-06-2015,42181,1275.099976,1298.180054,1275.099976,1296.400024,1152.129028,1290102
29-06-2015,42184,1286,1302,1271.699951,1296.449951,1152.173096,1372756
30-06-2015,42185,1292.5,1294.380005,1270,1275.469971,1133.528198,1549952
01-07-2015,42186,1281.949951,1304,1278.380005,1296.550049,1152.262329,1279708
02-07-2015,42187,1300,1301.469971,1285.530029,1288.880005,1145.445801,1445880
03-07-2015,42188,1286.530029,1305,1285,1301.949951,1157.061035,963470
06-07-2015,42191,1290.150024,1322.5,1290.150024,1316.650024,1170.125488,1182338
07-07-2015,42192,1316.380005,1323.449951,1301.5,1308.119995,1162.544434,1642836
08-07-2015,42193,1298.969971,1310.849976,1290.25,1297.550049,1153.151001,2667850
09-07-2015,42194,1297.5,1299.119995,1253.319946,1261.25,1120.890381,3934122
10-07-2015,42195,1279.5,1279.5,1227.5,1237.180054,1099.49939,8263654
13-07-2015,42198,1237.699951,1259.300049,1237.699951,1254.780029,1115.140869,2280308
14-07-2015,42199,1255.5,1257.5,1245,1249.75,1110.67041,1703274
15-07-2015,42200,1250.5,1274.969971,1250,1272.880005,1131.226318,2003660
16-07-2015,42201,1271.849976,1279.430054,1263.300049,1270.099976,1128.755615,1456608
17-07-2015,42202,1273.400024,1285.050049,1271.650024,1282.199951,1139.508911,1070526
20-07-2015,42205,1282,1291.949951,1275.949951,1289.569946,1150.995972,853786
21-07-2015,42206,1288,1300.180054,1277.550049,1280.699951,1143.079224,1274500
22-07-2015,42207,1280.5,1284.5,1260.530029,1264.030029,1128.200684,1320628
23-07-2015,42208,1258.75,1268.930054,1241.5,1244.300049,1110.590576,1496780
24-07-2015,42209,1248.75,1258.25,1246.050049,1252.569946,1117.972168,1574972
27-07-2015,42212,1244,1252.5,1240.569946,1248.530029,1114.365967,2003738
28-07-2015,42213,1249.75,1259.5,1246.069946,1251.030029,1116.59729,1891188
29-07-2015,42214,1255.5,1257.530029,1241.75,1253.380005,1118.694946,2413318
30-07-2015,42215,1258.030029,1258.400024,1236.400024,1240.319946,1107.038452,2770574
31-07-2015,42216,1244.949951,1259.5,1243.5,1255.380005,1120.480103,1963776
03-08-2015,42219,1251.699951,1262.5,1250.449951,1254.800049,1119.96228,1179324
04-08-2015,42220,1255.199951,1261.5,1243,1254.449951,1119.650024,2342692
05-08-2015,42221,1260,1275,1255.5,1273.569946,1136.715576,988994
06-08-2015,42222,1282.5,1291.5,1275.050049,1286.650024,1148.390015,2211366
07-08-2015,42223,1286.5,1286.5,1273.5,1276.030029,1138.911133,1188506
10-08-2015,42226,1286,1294.5,1278.300049,1286.050049,1147.85437,1431182
11-08-2015,42227,1289,1305,1271.050049,1302.099976,1162.179443,2200306
12-08-2015,42228,1301.550049,1345.699951,1301,1335.849976,1192.302979,3479784
13-08-2015,42229,1335,1342,1278,1317.800049,1176.192627,1406426
14-08-2015,42230,1319,1359.680054,1318.550049,1351.599976,1206.360596,2293964
17-08-2015,42233,1345.050049,1348.400024,1327.5,1342.380005,1198.131348,773644
18-08-2015,42234,1353.449951,1374.949951,1345,1370.449951,1223.185059,1916926
19-08-2015,42235,1375,1376.430054,1360.949951,1366.800049,1219.927246,1690070
20-08-2015,42236,1372.5,1372.5,1336,1343.430054,1199.068604,2349298
21-08-2015,42237,1356,1364.949951,1327.550049,1338.069946,1194.284424,3536080
24-08-2015,42240,1319.5,1322.5,1284.550049,1289.319946,1150.772949,4692344
25-08-2015,42241,1293.949951,1311,1267.75,1283.569946,1145.640991,3925800
26-08-2015,42242,1279.030029,1319.5,1255.969971,1288.380005,1149.934082,3216158
27-08-2015,42243,1307.449951,1307.449951,1272.900024,1287.319946,1148.988037,5264798
28-08-2015,42244,1304.5,1304.5,1278.849976,1285.430054,1147.301147,2744152
31-08-2015,42247,1295,1295,1265.530029,1282.030029,1144.266357,3692044
01-09-2015,42248,1278,1305.599976,1265,1268.699951,1132.368774,2987602
02-09-2015,42249,1279.849976,1310.219971,1274,1295.900024,1156.645874,3765950
03-09-2015,42250,1298.050049,1307.5,1288.119995,1302.800049,1162.804688,2265074
04-09-2015,42251,1305.699951,1307.449951,1269.569946,1273.719971,1136.849487,2426396
07-09-2015,42254,1276.5,1279.969971,1266.349976,1269.880005,1133.421997,1759184
08-09-2015,42255,1272.5,1282.050049,1261.75,1270.150024,1133.662964,1787746
09-09-2015,42256,1281.469971,1287,1272,1274.880005,1137.884521,2045076
10-09-2015,42257,1271,1289.25,1263.5,1272.699951,1135.938965,2665818
11-09-2015,42258,1273.25,1284.199951,1270.300049,1276,1138.884277,1592672
14-09-2015,42261,1282.5,1282.5,1271.5,1275.819946,1138.723633,1589318
15-09-2015,42262,1275.819946,1279.449951,1268,1268.619995,1132.297607,1379900
16-09-2015,42263,1277.5,1282.5,1270.530029,1275.180054,1138.152588,1756816
18-09-2015,42265,1282.5,1293,1269.5,1275.619995,1138.545166,2455294
21-09-2015,42268,1275,1278.550049,1266.599976,1275.530029,1138.464966,1108840
22-09-2015,42269,1278.75,1286.199951,1245,1263.400024,1127.63855,2081246
23-09-2015,42270,1267.150024,1278.880005,1256.300049,1266.319946,1130.244507,1228352
24-09-2015,42271,1267.75,1295,1264.949951,1290.199951,1151.558472,2354254
28-09-2015,42275,1297,1309.5,1289.75,1296.849976,1157.493896,2366812
29-09-2015,42276,1291.680054,1317,1284.930054,1294.119995,1155.057251,3325952
30-09-2015,42277,1321.849976,1321.849976,1285.469971,1294.030029,1154.977051,3368336
01-10-2015,42278,1299.5,1324.969971,1296.099976,1322.300049,1180.209106,2834408
05-10-2015,42282,1326.349976,1385,1326.349976,1355.819946,1210.126953,4807306
06-10-2015,42283,1362.5,1363,1342,1350,1204.932617,3979590
07-10-2015,42284,1346.969971,1358.5,1323.469971,1326.969971,1184.377197,2065530
08-10-2015,42285,1335,1339.180054,1310,1316.900024,1175.389282,2357550
09-10-2015,42286,1325.25,1325.300049,1304,1314.819946,1173.533081,2249724
12-10-2015,42289,1327.5,1330.180054,1293.5,1296.300049,1157.00293,2455912
13-10-2015,42290,1301.400024,1306,1283.800049,1299.280029,1159.66272,6179712
14-10-2015,42291,1274,1274,1240,1241.849976,1108.404053,8337128
15-10-2015,42292,1245,1251.75,1232.5,1233.880005,1101.290405,3215710
16-10-2015,42293,1240.449951,1246,1235,1236,1103.182495,2333828
19-10-2015,42296,1245,1247.469971,1227.930054,1244.380005,1110.662109,3130642
20-10-2015,42297,1248.119995,1265,1247.800049,1263.380005,1127.620605,2695084
21-10-2015,42298,1267.5,1271,1261.119995,1265,1134.003296,1929688
23-10-2015,42300,1274,1274,1263.650024,1268.569946,1142.169434,2335398
26-10-2015,42303,1274.5,1274.5,1257.550049,1268.280029,1141.908203,1414630
27-10-2015,42304,1265.030029,1272.449951,1260.180054,1265.550049,1139.450439,1530420
28-10-2015,42305,1255.030029,1266.780029,1255.030029,1264.550049,1138.549927,1255342
29-10-2015,42306,1266.780029,1267.699951,1245.030029,1247.680054,1123.360962,3130316
30-10-2015,42307,1250,1255.949951,1242.5,1247.599976,1123.288818,1516696
02-11-2015,42310,1250,1261.400024,1243.780029,1258.680054,1133.264893,1319294
03-11-2015,42311,1264,1273.900024,1259.25,1271.719971,1145.005615,1364906
04-11-2015,42312,1272.5,1273.599976,1260,1266.900024,1140.665771,991434
05-11-2015,42313,1265.400024,1267.469971,1240,1241.319946,1117.634399,1596098
06-11-2015,42314,1246,1259.119995,1241.719971,1252.880005,1128.042725,908024
09-11-2015,42317,1247.5,1251.380005,1234.300049,1235.680054,1112.556641,2021556
10-11-2015,42318,1236.469971,1238.5,1225,1229.069946,1106.605347,1361920
13-11-2015,42321,1219.030029,1219.030029,1193.280029,1198.699951,1079.261108,2743232
16-11-2015,42324,1195,1195,1178,1187.300049,1068.997314,2043528
17-11-2015,42325,1190.25,1199.219971,1187.5,1195.280029,1076.181885,1985028
18-11-2015,42326,1194.449951,1194.449951,1173,1175.719971,1058.570923,1520352
19-11-2015,42327,1182.680054,1190.800049,1176,1181.280029,1063.577026,1866906
20-11-2015,42328,1183.25,1211.780029,1180.969971,1199.180054,1079.693359,2012126
23-11-2015,42331,1202.650024,1206.699951,1191.119995,1195.530029,1076.407349,1088082
24-11-2015,42332,1190.030029,1196.219971,1182.75,1183.969971,1065.999023,998640
26-11-2015,42334,1188.949951,1191.199951,1168.930054,1172.780029,1055.923706,2915292
27-11-2015,42335,1174,1179.719971,1166.25,1176.680054,1059.435181,1737206
30-11-2015,42338,1182.5,1195.619995,1175.069946,1186.780029,1068.529053,4100048
01-12-2015,42339,1181.449951,1189.030029,1178.530029,1180.949951,1063.279785,1721994
02-12-2015,42340,1189,1189.050049,1173.25,1182.599976,1064.765503,1640296
03-12-2015,42341,1180,1186.5,1173.5,1175.380005,1058.264771,2283358
04-12-2015,42342,1170,1173.650024,1160.550049,1164.199951,1048.198975,1246092
07-12-2015,42345,1166.099976,1171.949951,1157.619995,1159.900024,1044.327393,1382604
08-12-2015,42346,1159.699951,1174.5,1158.650024,1164.5,1048.46875,1139964
09-12-2015,42347,1168.949951,1186.400024,1160,1183.819946,1065.863892,5282806
10-12-2015,42348,1184.5,1195.599976,1176,1192.280029,1073.480835,1723988
11-12-2015,42349,1191.5,1195.969971,1181.619995,1193,1074.12915,1652378
14-12-2015,42352,1167.599976,1193.5,1165.300049,1189.219971,1070.72583,2718532
15-12-2015,42353,1189.219971,1192.5,1181.530029,1187.930054,1069.564087,1135868
16-12-2015,42354,1192,1207.25,1192,1204.199951,1084.213257,1435934
17-12-2015,42355,1207.5,1222.5,1196.680054,1219.880005,1098.330933,1618844
18-12-2015,42356,1210,1217.099976,1200.319946,1208.400024,1087.994873,3024970
21-12-2015,42359,1209.969971,1225,1203.430054,1223.199951,1101.319946,1610104
22-12-2015,42360,1220,1220,1200,1202.530029,1082.709839,1560858
23-12-2015,42361,1207.5,1217.5,1205.280029,1212.900024,1092.046265,849834
24-12-2015,42362,1210.5,1219.099976,1202,1217.119995,1095.845825,843160
28-12-2015,42366,1214,1233.199951,1210.099976,1231.349976,1108.657593,3704198
29-12-2015,42367,1229.180054,1232.650024,1222.880005,1227.900024,1105.552124,1708524
30-12-2015,42368,1226.530029,1229.5,1206.150024,1209.150024,1088.669922,1605762
31-12-2015,42369,1207.880005,1224.25,1203.75,1218.430054,1097.025635,1240318
01-01-2016,42370,1219.5,1219.5,1206.119995,1208.199951,1087.814697,712262
04-01-2016,42373,1205.069946,1207,1183.030029,1184.800049,1066.746094,1870184
05-01-2016,42374,1192.5,1193.300049,1170.5,1174.469971,1057.445435,2678020
06-01-2016,42375,1175.099976,1193.069946,1175.099976,1190.800049,1072.148193,2653228
07-01-2016,42376,1185,1191.449951,1180,1185.619995,1067.484253,3199580
08-01-2016,42377,1192.5,1203.680054,1186.25,1198.800049,1079.35144,1907544
11-01-2016,42380,1191.25,1192,1174.430054,1181.180054,1063.487183,2930228
12-01-2016,42381,1181.349976,1182.5,1150.800049,1163.530029,1047.595581,3482594
13-01-2016,42382,1158.5,1163.5,1127.550049,1139.599976,1026.049927,4746092
14-01-2016,42383,1136.5,1149.449951,1125,1139.400024,1025.869873,2742052
15-01-2016,42384,1144.430054,1145.849976,1127.5,1130.550049,1017.901733,3269408
18-01-2016,42387,1131,1145.949951,1130,1138.819946,1025.347656,2213922
19-01-2016,42388,1138.5,1150,1134.150024,1139.650024,1026.095093,967910
20-01-2016,42389,1136.900024,1142.5,1121.5,1140.050049,1026.455322,1615954
21-01-2016,42390,1142.5,1144.949951,1122.880005,1127.25,1019.850769,2675536
22-01-2016,42391,1136.5,1151.030029,1130,1147.880005,1038.515137,1343178
25-01-2016,42394,1150.949951,1169.5,1145.75,1152.319946,1042.532104,1397560
27-01-2016,42396,1151,1164.969971,1140.949951,1159.880005,1049.371704,1626986
28-01-2016,42397,1157.75,1174.449951,1154.030029,1165.599976,1054.546875,3106660
29-01-2016,42398,1179.349976,1200,1167.530029,1195.650024,1081.733887,2235744
01-02-2016,42401,1195.550049,1206.469971,1179.5,1201.349976,1086.890869,1495274
02-02-2016,42402,1204.5,1216.5,1189.849976,1199.050049,1084.809692,1475588
03-02-2016,42403,1193.75,1214.949951,1180.150024,1208.150024,1093.042847,1308692
04-02-2016,42404,1210.949951,1220,1201,1210.030029,1094.743652,1250046
05-02-2016,42405,1204.050049,1219.969971,1204.050049,1210.969971,1095.593994,1402996
08-02-2016,42408,1200,1206.030029,1173.5,1181.469971,1068.904541,1063658
09-02-2016,42409,1166.800049,1166.800049,1127.800049,1140.699951,1032.018921,2489610
10-02-2016,42410,1137.5,1144.949951,1129.050049,1134.400024,1026.319214,1890732
11-02-2016,42411,1140,1144.5,1085.819946,1098.969971,994.265076,1962408
12-02-2016,42412,1100,1121.699951,1082,1113.300049,1007.229736,2172568
15-02-2016,42415,1125,1153.430054,1120,1134.569946,1026.473389,2479712
16-02-2016,42416,1133,1141,1121.5,1132.780029,1024.853516,1588702
17-02-2016,42417,1132.5,1139.819946,1123.199951,1137.780029,1029.377319,1585178
18-02-2016,42418,1142.5,1159.880005,1139,1157.930054,1047.607666,1529140
19-02-2016,42419,1153.680054,1163.5,1152.719971,1159.819946,1049.317505,879012
22-02-2016,42422,1160.119995,1171.5,1152.5,1157.949951,1047.625732,1324884
23-02-2016,42423,1155.119995,1159.949951,1128.380005,1132,1024.148071,1306852
24-02-2016,42424,1131.219971,1131.219971,1100.599976,1105.469971,1000.145813,1659328
25-02-2016,42425,1109.900024,1114,1092.819946,1106.430054,1001.014404,1830556
26-02-2016,42426,1114.849976,1128.449951,1099.800049,1105.25,999.946899,1537536
29-02-2016,42429,1118.5,1118.5,1057.5,1088.400024,984.702148,2191718
01-03-2016,42430,1096.5,1142.550049,1081,1138.319946,1029.865967,1999760
02-03-2016,42431,1152.5,1165,1128.119995,1159.430054,1048.965088,1527486
03-03-2016,42432,1168,1195.5,1150.5,1186.569946,1073.518921,2648284
04-03-2016,42433,1190,1190,1174.780029,1178.780029,1066.471313,1512966
08-03-2016,42437,1171.050049,1183.5,1152.099976,1177.150024,1064.99646,1268152
09-03-2016,42438,1170.5,1184.699951,1147.569946,1178.619995,1066.326172,2017784
10-03-2016,42439,1178.030029,1179.930054,1157.469971,1174.150024,1062.282104,1661666
11-03-2016,42440,1170,1195.430054,1167.5,1182.619995,1069.945313,1530528
14-03-2016,42443,1181,1199,1170,1177.5,1065.312988,1636742
15-03-2016,42444,1174.530029,1181.75,1160.050049,1164.949951,1053.958862,1623356
16-03-2016,42445,1157.5,1166,1153.449951,1163.530029,1052.674072,1918246
17-03-2016,42446,1167,1180.900024,1166,1176.030029,1063.983154,2221088
18-03-2016,42447,1180,1215,1180,1212.930054,1097.367432,3204070
21-03-2016,42450,1213,1227.469971,1210,1223.119995,1106.58667,2336982
22-03-2016,42451,1221,1242.5,1218.25,1236.550049,1118.737061,1951984
23-03-2016,42452,1243.949951,1243.949951,1228.650024,1236.900024,1119.053833,2278434
28-03-2016,42457,1245.5,1258.569946,1230.780029,1236.699951,1118.872803,3320882
29-03-2016,42458,1239,1243.469971,1227.5,1234.699951,1117.06311,1838796
30-03-2016,42459,1235.449951,1252.5,1230,1244.75,1126.155762,2136504
31-03-2016,42460,1239.150024,1275,1236.069946,1260.150024,1140.088379,4363964
01-04-2016,42461,1252.5,1260.430054,1217.050049,1226.949951,1110.051514,3041400
04-04-2016,42464,1228,1244,1223.5,1235.619995,1117.895752,1752352
05-04-2016,42465,1235.400024,1242.449951,1221.030029,1231.380005,1114.05957,1491794
06-04-2016,42466,1235,1244.5,1229.680054,1240.949951,1122.717651,1763150
07-04-2016,42467,1240,1242.349976,1228.5,1235.400024,1117.696655,2390942
08-04-2016,42468,1233,1236.849976,1213.5,1216.030029,1100.171997,1399500
11-04-2016,42471,1216.5,1258.5,1206.5,1253.319946,1133.90918,2400648
12-04-2016,42472,1249,1262.5,1244.050049,1259.069946,1139.111328,1303628
13-04-2016,42473,1265,1272.5,1256.25,1263.099976,1142.757324,1601468
18-04-2016,42478,1226.5,1276.75,1220,1259.880005,1139.844238,7121504
20-04-2016,42480,1267.449951,1267.449951,1220,1225.180054,1108.450439,6405024
21-04-2016,42481,1225.5,1233.699951,1206.099976,1212.199951,1096.706787,2525724
22-04-2016,42482,1209.5,1217.699951,1202.099976,1208.530029,1093.386597,1964126
25-04-2016,42485,1201.150024,1228.530029,1201.150024,1225.619995,1108.848145,2267654
26-04-2016,42486,1224.5,1246.75,1221,1244.900024,1126.291382,2554368
27-04-2016,42487,1240,1257.300049,1237.949951,1255.550049,1135.927002,1848670
28-04-2016,42488,1250.650024,1270,1249.050049,1263.880005,1143.463135,4992744
29-04-2016,42489,1258.5,1271,1255,1267.75,1146.964233,2372178
02-05-2016,42492,1264.5,1265,1250,1263.349976,1142.983765,1116692
03-05-2016,42493,1262.5,1265,1236,1239.050049,1120.998901,2153118
04-05-2016,42494,1236.949951,1247.030029,1228.5,1239,1120.953613,1364892
05-05-2016,42495,1239,1244.969971,1231.780029,1235.150024,1117.470459,1246566
06-05-2016,42496,1232.5,1242.150024,1215.5,1236.699951,1118.872803,885598
09-05-2016,42499,1236.699951,1259,1228.199951,1256.280029,1136.58728,1821276
10-05-2016,42500,1257.5,1266.969971,1248,1261.449951,1141.264648,1158534
11-05-2016,42501,1250,1262.800049,1245,1259.150024,1139.183838,1598716
12-05-2016,42502,1260.280029,1284.949951,1260.280029,1283.099976,1160.852173,1513082
13-05-2016,42503,1282.5,1283,1255.069946,1261.699951,1141.490723,1621730
16-05-2016,42506,1269,1282.400024,1261.25,1275.569946,1154.039429,1111526
17-05-2016,42507,1282.099976,1295.619995,1276,1285.099976,1162.661133,1756698
18-05-2016,42508,1282.930054,1282.930054,1263.030029,1275.550049,1154.02124,1500740
19-05-2016,42509,1277.5,1280,1263.050049,1278.469971,1156.662842,1038792
20-05-2016,42510,1271.150024,1282.900024,1261.400024,1264.650024,1144.15979,1230918
23-05-2016,42513,1272,1272.949951,1240.099976,1245.719971,1127.033203,1533016
24-05-2016,42514,1242,1244.119995,1229.800049,1233.849976,1116.294434,1339158
25-05-2016,42515,1240.5,1266.469971,1240.5,1263.219971,1142.866089,1548678
26-05-2016,42516,1265,1282.449951,1252.550049,1274.349976,1152.935547,1943248
27-05-2016,42517,1276.569946,1289.930054,1275.300049,1286.319946,1163.765015,1104676
30-05-2016,42520,1291.5,1320.969971,1291,1318.199951,1192.607788,1349464
31-05-2016,42521,1320,1323.5,1281,1284.699951,1162.299561,3722608
01-06-2016,42522,1285.599976,1322.5,1285.5,1316.780029,1191.32312,1911942
02-06-2016,42523,1300,1327.150024,1300,1325.069946,1198.82312,1408756
03-06-2016,42524,1325.699951,1329,1310.25,1314.780029,1189.513672,1554922
06-06-2016,42527,1310.25,1319.5,1301.599976,1306.25,1206.574219,1322026
07-06-2016,42528,1307,1319.5,1306.5,1315.569946,1215.182983,1202194
08-06-2016,42529,1308.619995,1314.280029,1302.75,1306.550049,1206.85144,938266
09-06-2016,42530,1311.199951,1311.199951,1277.599976,1288.619995,1190.289429,1562138
10-06-2016,42531,1283,1301.619995,1276.599976,1277.880005,1180.368774,1396832
13-06-2016,42534,1270,1276.680054,1259,1273.5,1176.323242,1029978
14-06-2016,42535,1279.469971,1279.469971,1259.119995,1267.430054,1170.716431,977570
15-06-2016,42536,1265,1282.449951,1261,1278.430054,1180.877075,1270844
16-06-2016,42537,1272.780029,1282.349976,1258.219971,1279.150024,1181.542114,1145070
17-06-2016,42538,1279.5,1305,1279.5,1301.300049,1202.001831,1878988
20-06-2016,42541,1301.300049,1334,1295.900024,1329.650024,1228.188721,1872838
21-06-2016,42542,1331.75,1332.5,1320.699951,1325.599976,1224.44751,1027690
22-06-2016,42543,1325,1338.849976,1315.880005,1333.819946,1232.040527,1761712
23-06-2016,42544,1327.5,1329.75,1312.650024,1322.680054,1221.75061,1397014
24-06-2016,42545,1282.569946,1296.599976,1257.069946,1286.969971,1188.765381,3766586
27-06-2016,42548,1273.5,1273.5,1241.319946,1247.930054,1152.704346,4272566
28-06-2016,42549,1247.930054,1251.449951,1229.199951,1231.969971,1137.96228,4499524
29-06-2016,42550,1237.5,1256.25,1232.650024,1251.449951,1155.955688,2531264
30-06-2016,42551,1261,1281.449951,1250.180054,1276.550049,1179.140747,5121812
01-07-2016,42552,1281,1282.300049,1247.180054,1250.430054,1155.013672,2197296
04-07-2016,42555,1258,1262.930054,1241,1247.099976,1151.937744,1883484
05-07-2016,42556,1247.099976,1248.530029,1238.569946,1242.650024,1147.827515,1559748
07-07-2016,42558,1243.849976,1245.930054,1212.5,1214.900024,1122.194824,3316800
08-07-2016,42559,1217.5,1221.030029,1201.75,1213.300049,1120.717041,2456356
11-07-2016,42562,1215,1235.900024,1213.5,1232.069946,1138.054688,1543632
12-07-2016,42563,1235.849976,1237.5,1217.930054,1232.469971,1138.424194,1465536
13-07-2016,42564,1239,1249.619995,1225.619995,1246.550049,1151.429688,2102300
14-07-2016,42565,1243,1264.5,1235.5,1260.949951,1164.730957,2699988
15-07-2016,42566,1258.5,1263.900024,1213.280029,1222.680054,1129.381348,8336366
18-07-2016,42569,1223.5,1234.5,1215.300049,1216.719971,1123.875977,2598850
19-07-2016,42570,1213.75,1236.400024,1213.75,1233.099976,1139.005981,2362896
20-07-2016,42571,1225,1251.25,1224.069946,1247.469971,1152.279541,2815252
21-07-2016,42572,1244.75,1259.75,1232.219971,1253.030029,1157.415405,2527148
22-07-2016,42573,1249.449951,1262,1246,1257.550049,1161.590332,1517216
25-07-2016,42576,1256,1281.599976,1252.900024,1279.469971,1187.978394,1688796
26-07-2016,42577,1279.469971,1284,1266.5,1276.300049,1185.03479,2311290
27-07-2016,42578,1277.5,1290.199951,1272.5,1288.780029,1196.622559,1750510
28-07-2016,42579,1290.25,1314.780029,1288.530029,1309.619995,1215.972168,4632080
29-07-2016,42580,1307,1317.449951,1299.5,1309.650024,1216.000122,2488084
01-08-2016,42583,1316,1362.5,1316,1354.119995,1257.290283,3961704
02-08-2016,42584,1351.449951,1357.849976,1344.900024,1349.599976,1253.093262,2578162
03-08-2016,42585,1343,1349.5,1324.530029,1328.150024,1233.177002,2294702
04-08-2016,42586,1335,1341.469971,1318.119995,1326,1231.18103,1415416
05-08-2016,42587,1336.949951,1342.150024,1316,1324.550049,1229.834595,1868484
08-08-2016,42590,1320,1334,1314.530029,1324.75,1230.020386,2058244
09-08-2016,42591,1329,1329.900024,1289.430054,1325.099976,1230.345459,2261914
10-08-2016,42592,1325.5,1341,1324,1337.699951,1242.044189,2062078
11-08-2016,42593,1332.780029,1357.5,1332.780029,1354.949951,1258.060791,2233138
12-08-2016,42594,1352.5,1372.400024,1351.030029,1369.219971,1271.310425,2327358
16-08-2016,42598,1369,1370,1336.930054,1345.849976,1249.611328,3183754
17-08-2016,42599,1349.5,1349.5,1309,1312.280029,1218.441895,1848566
18-08-2016,42600,1317.5,1328.780029,1315.050049,1319.280029,1224.941528,1292064
19-08-2016,42601,1320,1323.219971,1300,1301.75,1208.665039,2416244
22-08-2016,42604,1294,1297.219971,1268.150024,1274.349976,1183.224243,2265274
23-08-2016,42605,1272.469971,1302.469971,1270.099976,1300.530029,1207.532227,1503374
24-08-2016,42606,1294.900024,1301,1284.530029,1286.030029,1194.068848,1116878
25-08-2016,42607,1290,1294.849976,1263,1275.530029,1184.319824,1939690
26-08-2016,42608,1279.900024,1286.280029,1258.599976,1262.469971,1172.193848,1250314
29-08-2016,42611,1267.469971,1267.469971,1233.380005,1250.280029,1160.87561,1488728
30-08-2016,42612,1255,1274.900024,1250.619995,1272.069946,1181.107178,1444026
31-08-2016,42613,1275,1275,1250.430054,1255.650024,1165.861328,3231668
01-09-2016,42614,1262.449951,1267.469971,1243.530029,1253.75,1164.097412,1345736
02-09-2016,42615,1256,1259.699951,1248.030029,1257.400024,1167.486328,1742330
06-09-2016,42619,1259.949951,1260.069946,1240,1242.030029,1153.215454,2239066
07-09-2016,42620,1249.849976,1249.849976,1211.5,1220.280029,1133.020752,3854040
08-09-2016,42621,1180,1180,1142.380005,1161.050049,1078.026123,7021516
09-09-2016,42622,1164.849976,1183.319946,1160.030029,1176.219971,1092.111328,2742438
12-09-2016,42625,1168.5,1181.969971,1162,1179.530029,1095.184448,2024454
14-09-2016,42627,1181,1188.800049,1155,1164.219971,1080.96936,2069858
15-09-2016,42628,1169.969971,1171.050049,1158.380005,1163.469971,1080.272827,2818964
16-09-2016,42629,1168.349976,1188,1160,1180.849976,1096.410156,4358004
19-09-2016,42632,1182.5,1213.5,1175,1205.719971,1119.501709,2802546
20-09-2016,42633,1205.5,1208.449951,1192.699951,1203.25,1117.208374,1184552
21-09-2016,42634,1203.849976,1212,1200.349976,1206.699951,1120.411621,1678020
22-09-2016,42635,1212.619995,1214,1185.550049,1189,1103.977295,2857574
23-09-2016,42636,1191,1201.930054,1185.569946,1199.050049,1113.308716,1800726
26-09-2016,42639,1200.550049,1209.550049,1197.5,1200.550049,1114.70166,1753476
27-09-2016,42640,1200.550049,1224,1200.550049,1218.050049,1130.950317,2038792
28-09-2016,42641,1215.5,1218.75,1207.599976,1211.530029,1124.896362,1731328
29-09-2016,42642,1217.5,1228.25,1209.800049,1218.900024,1131.739258,3603958
30-09-2016,42643,1218.530029,1224.900024,1211.550049,1215.400024,1128.489746,2175364
03-10-2016,42646,1225,1228.819946,1200.550049,1205.849976,1119.622559,1818880
04-10-2016,42647,1210,1212.530029,1199,1202.569946,1116.577148,1780718
05-10-2016,42648,1204,1207.699951,1188.050049,1193.180054,1107.858765,1176354
06-10-2016,42649,1197.5,1201.199951,1186.380005,1194.380005,1108.972778,2267572
07-10-2016,42650,1194,1194,1179.099976,1183.900024,1099.242065,1816512
10-10-2016,42653,1184.949951,1193.449951,1177.530029,1190.150024,1105.045044,1202142
13-10-2016,42656,1181.650024,1184.949951,1160.449951,1164.449951,1081.182983,5173334
14-10-2016,42657,1157.5,1193.5,1145.5,1183.099976,1098.49939,7741214
17-10-2016,42660,1184.449951,1187.900024,1172.199951,1181.219971,1096.753784,2728346
18-10-2016,42661,1188,1207.849976,1177.400024,1200.099976,1114.283569,2128632
19-10-2016,42662,1200.5,1205,1185.150024,1197.550049,1111.915771,1985058
20-10-2016,42663,1198.449951,1204.680054,1193,1200.569946,1114.720215,1265854
21-10-2016,42664,1200,1215.949951,1199.119995,1214.319946,1127.486816,1259660
24-10-2016,42667,1214.099976,1217.449951,1201.280029,1213.849976,1133.115845,1253190
25-10-2016,42668,1202.5,1207.300049,1190.5,1199.219971,1119.458862,1772466
26-10-2016,42669,1199.300049,1201.380005,1186.25,1198.119995,1118.432129,1437130
27-10-2016,42670,1189.849976,1214.75,1182.75,1209.050049,1128.635254,2941602
28-10-2016,42671,1205,1207.550049,1194,1199.349976,1119.580444,1752102
01-11-2016,42675,1199.849976,1199.849976,1167.069946,1175,1096.849731,2934776
02-11-2016,42676,1170.5,1172,1147.5,1152.030029,1075.407715,2325076
03-11-2016,42677,1147,1167.5,1142.25,1159.719971,1082.58606,1463310
04-11-2016,42678,1160,1168.069946,1147,1165.280029,1087.776367,1183752
07-11-2016,42681,1168.949951,1172.449951,1130.030029,1138.530029,1062.80542,2048052
08-11-2016,42682,1140.219971,1153.5,1130,1141.599976,1065.671021,1933634
09-11-2016,42683,1090,1137.5,1071.430054,1084.930054,1012.770386,4500226
10-11-2016,42684,1102.400024,1108.75,1070.400024,1077.719971,1006.040039,2172426
11-11-2016,42685,1073.530029,1073.530029,1043.099976,1050.569946,980.695557,2398424
15-11-2016,42689,1058.449951,1078.780029,1025.949951,1060.650024,990.105164,6290324
16-11-2016,42690,1072.550049,1104.449951,1069,1094.800049,1021.983765,4019958
17-11-2016,42691,1092.5,1104.300049,1065.069946,1068.599976,997.526611,2504688
18-11-2016,42692,1071,1075,1052.099976,1062.550049,991.878967,2140534
21-11-2016,42695,1063.099976,1070,1052.5,1066.449951,995.51947,1793366
22-11-2016,42696,1066,1088.719971,1061.030029,1067.5,996.499878,1318860
23-11-2016,42697,1074.5,1081.469971,1063.599976,1078.180054,1006.469421,1275808
24-11-2016,42698,1077.449951,1103.800049,1068.5,1094.219971,1021.442322,3026234
25-11-2016,42699,1106,1153.619995,1096.099976,1150.180054,1073.68042,4276148
28-11-2016,42702,1147,1159.719971,1125.949951,1141.300049,1065.391235,1924296
29-11-2016,42703,1137.5,1146,1126.280029,1129.930054,1054.777466,1442296
30-11-2016,42704,1132.5,1147.380005,1121.150024,1138.030029,1062.338745,3445832
01-12-2016,42705,1138.5,1145,1127.030029,1131.719971,1056.448364,1123052
02-12-2016,42706,1129,1135.400024,1102.599976,1110.930054,1037.040894,1998032
05-12-2016,42709,1114.5,1118.930054,1085,1093,1020.303589,2249526
06-12-2016,42710,1095,1101.969971,1084.949951,1091.180054,1018.604736,1593444
07-12-2016,42711,1091.099976,1092.219971,1072.819946,1077.280029,1005.629333,2065706
08-12-2016,42712,1080.25,1099.5,1080,1097.880005,1024.859375,3239546
09-12-2016,42713,1102.5,1109.949951,1086.650024,1097.619995,1024.616333,1588718
12-12-2016,42716,1097.400024,1108.800049,1081.5,1104.099976,1030.665405,1311758
13-12-2016,42717,1109,1109,1091.5,1100.150024,1026.978394,2147534
14-12-2016,42718,1107,1112.349976,1094.5,1103.800049,1030.385376,1870366
15-12-2016,42719,1101,1136.050049,1101,1129.650024,1054.516113,4295410
16-12-2016,42720,1138.5,1145,1126,1141.319946,1065.40979,1987230
19-12-2016,42723,1140,1148.849976,1130.650024,1144.449951,1068.331543,1334210
20-12-2016,42724,1146,1172.5,1143.530029,1169.650024,1091.855591,2922760
21-12-2016,42725,1171.900024,1171.900024,1152.800049,1156.800049,1079.860352,2034902
22-12-2016,42726,1153,1162.5,1143.099976,1153.849976,1077.106445,1868300
23-12-2016,42727,1150,1158.880005,1139.400024,1144.050049,1067.958374,1118954
26-12-2016,42730,1133,1150.800049,1133,1146.550049,1070.292114,897408
27-12-2016,42731,1140.75,1165,1140.75,1161.699951,1084.434326,1294692
28-12-2016,42732,1163.349976,1174.949951,1151.569946,1156.699951,1079.766724,1350418
29-12-2016,42733,1151.5,1179.949951,1151.5,1175.849976,1097.643311,1963516
30-12-2016,42734,1177.449951,1189.300049,1172.819946,1182.780029,1104.112427,1405748
02-01-2017,42737,1183.300049,1187.550049,1176.199951,1180.680054,1102.1521,823132
03-01-2017,42738,1180.619995,1185.849976,1171.650024,1184.119995,1105.363159,1475324
04-01-2017,42739,1184.849976,1194.430054,1179.150024,1189.75,1110.618896,1420066
05-01-2017,42740,1192,1194.969971,1160.199951,1167.199951,1089.568359,2216404
06-01-2017,42741,1160.5,1164.680054,1128.550049,1140.699951,1064.831177,3009896
09-01-2017,42744,1137.5,1155.650024,1128.5,1151.849976,1075.239502,1854578
10-01-2017,42745,1152,1164.900024,1145.75,1157.680054,1080.681885,1533914
11-01-2017,42746,1157.5,1164.800049,1140.099976,1162.199951,1084.901001,1931296
12-01-2017,42747,1162.199951,1180,1152,1172.180054,1094.217407,2570374
13-01-2017,42748,1174,1178.969971,1118.930054,1124.650024,1049.848511,10235580
16-01-2017,42751,1125,1136.949951,1114,1129.280029,1054.170654,3364808
17-01-2017,42752,1127.449951,1143.900024,1126.400024,1139.380005,1063.598755,3009956
18-01-2017,42753,1139,1149,1132.719971,1147.550049,1071.225586,3136574
19-01-2017,42754,1147.5,1147.569946,1141.469971,1145.5,1069.311768,2251676
20-01-2017,42755,1143.5,1150,1132.5,1142.680054,1066.679688,2037246
23-01-2017,42758,1132.5,1156.75,1129.900024,1153.349976,1082.799072,2318546
24-01-2017,42759,1152,1161.5,1145,1159.180054,1088.272339,2282638
25-01-2017,42760,1161.300049,1180,1159.030029,1176.5,1104.533081,4111648
27-01-2017,42762,1172.530029,1189.380005,1172.530029,1178.900024,1106.786255,2871658
30-01-2017,42765,1170.5,1175.969971,1159.069946,1166.449951,1095.097778,2577956
31-01-2017,42766,1160,1166.030029,1100.030029,1114.900024,1046.701172,4666804
01-02-2017,42767,1110,1119.969971,1077.780029,1083.949951,1017.644287,4864152
02-02-2017,42768,1085.030029,1109.5,1076.5,1103.819946,1036.298584,6009482
03-02-2017,42769,1104.849976,1121.5,1095.5,1116.280029,1047.996704,2153372
06-02-2017,42772,1129,1129.25,1107.469971,1120.380005,1051.845947,2408910
07-02-2017,42773,1122,1126.300049,1113,1122.300049,1053.64856,1814638
08-02-2017,42774,1122.449951,1141.300049,1122.030029,1135.469971,1066.012939,2212584
09-02-2017,42775,1137.5,1164,1135.099976,1158.650024,1087.775024,4033202
10-02-2017,42776,1155.5,1212.219971,1155.5,1198.969971,1125.628418,5782160
13-02-2017,42779,1198,1214.5,1191.180054,1207.119995,1133.279663,3819812
14-02-2017,42780,1209.819946,1209.819946,1199,1203.119995,1129.524536,2033328
15-02-2017,42781,1198.5,1214,1187.550049,1206.849976,1133.026245,1924972
16-02-2017,42782,1230,1239,1217.800049,1223.880005,1149.014771,4175680
17-02-2017,42783,1236,1237.800049,1201,1203.949951,1130.303833,2723324
20-02-2017,42786,1212.5,1277.5,1204.050049,1251.099976,1174.569458,3973948
21-02-2017,42787,1257,1262.949951,1227.569946,1232.680054,1157.276733,5501112
22-02-2017,42788,1232.949951,1235,1200.069946,1205.75,1131.993896,4505496
23-02-2017,42789,1207.5,1246.619995,1207.5,1240.900024,1164.993652,4853352
27-02-2017,42793,1239.550049,1251,1235.030029,1244.930054,1168.777222,2139892
28-02-2017,42794,1244.75,1245,1225,1233.119995,1157.689453,2354828
01-03-2017,42795,1239.949951,1250.949951,1235,1239.780029,1163.942139,1130374
02-03-2017,42796,1243.349976,1255,1235.030029,1250.719971,1174.212891,1544942
03-03-2017,42797,1246,1249.849976,1237.699951,1247.030029,1170.748779,1013970
06-03-2017,42800,1240,1242,1227.280029,1236.25,1160.628052,1400694
07-03-2017,42801,1241.449951,1252.5,1237.530029,1249.900024,1173.442993,1511672
08-03-2017,42802,1251,1260,1246.099976,1256.099976,1179.263794,1791510
09-03-2017,42803,1257.069946,1262,1252.030029,1259.880005,1182.8125,858468
10-03-2017,42804,1259.800049,1274.780029,1256.969971,1271.119995,1193.364868,1171420
14-03-2017,42808,1278.400024,1293.569946,1275.530029,1283.75,1205.222412,3402294
15-03-2017,42809,1286,1286.069946,1246.930054,1249.150024,1172.739014,3022496
16-03-2017,42810,1253,1263.5,1253,1260.449951,1183.347656,1571818
17-03-2017,42811,1273,1273,1254.880005,1262.880005,1185.629028,2593152
20-03-2017,42814,1262.969971,1262.969971,1233,1240,1164.14856,3487540
21-03-2017,42815,1241,1246,1232.5,1243.349976,1167.293701,3373700
22-03-2017,42816,1240.069946,1248,1234.969971,1239.469971,1163.651123,1888716
23-03-2017,42817,1241,1242.530029,1223.599976,1230.180054,1154.929321,2620638
24-03-2017,42818,1234.900024,1234.900024,1211.650024,1213.599976,1139.363647,5099814
27-03-2017,42821,1213.469971,1220,1203,1206.030029,1132.256836,2181270
28-03-2017,42822,1205,1221.699951,1205,1214.969971,1140.64978,1153158
29-03-2017,42823,1218,1225.400024,1212.800049,1222.300049,1147.531494,1717764
30-03-2017,42824,1222.449951,1232.5,1217.5,1220.5,1145.841675,2986086
31-03-2017,42825,1219.199951,1220.430054,1207.5,1215.900024,1141.522827,1867044
03-04-2017,42828,1217.5,1217.5,1204.099976,1205.849976,1132.087524,1196888
05-04-2017,42830,1209.949951,1209.949951,1197.5,1200.619995,1127.17749,2905568
06-04-2017,42831,1200,1205,1196.280029,1200.030029,1126.623779,1720704
07-04-2017,42832,1197.449951,1216.619995,1196.069946,1214.530029,1140.236938,2277012
10-04-2017,42835,1216,1224.5,1202.5,1211.119995,1137.035278,2543264
11-04-2017,42836,1208.650024,1221.550049,1203,1209.650024,1135.655273,1557784
12-04-2017,42837,1211.25,1214,1191.5,1196.619995,1123.422241,1050538
13-04-2017,42838,1200,1204.5,1160.530029,1164.319946,1093.098022,2500472
17-04-2017,42842,1165.199951,1166.449951,1147.569946,1157.430054,1086.629639,2270882
18-04-2017,42843,1165,1167.099976,1151.030029,1154.400024,1083.78479,1730620
19-04-2017,42844,1131.75,1174.349976,1126.400024,1149.569946,1079.250122,5626812
20-04-2017,42845,1152.650024,1166,1145.469971,1162.75,1091.624023,1268842
21-04-2017,42846,1164.550049,1167.819946,1150.5,1155.400024,1084.723633,1161154
24-04-2017,42849,1150,1169.819946,1141.25,1164.050049,1092.844604,2000020
25-04-2017,42850,1164,1172.219971,1151.349976,1155.75,1085.052368,3148710
26-04-2017,42851,1170,1171.969971,1151.530029,1155.180054,1084.517456,2187438
27-04-2017,42852,1153.030029,1163.900024,1138.819946,1151.319946,1080.893311,5773186
28-04-2017,42853,1147,1149.380005,1134,1136.569946,1067.045532,2540510
02-05-2017,42857,1147,1151,1140,1144.949951,1074.912964,2382696
03-05-2017,42858,1147.5,1172.5,1134.25,1168.650024,1097.16333,3514406
04-05-2017,42859,1174.969971,1175,1154.400024,1165.050049,1093.783447,2708208
05-05-2017,42860,1154,1166.25,1151.25,1160.25,1089.2771,1682474
08-05-2017,42863,1160.5,1173.699951,1158.849976,1171.219971,1099.575928,1071782
09-05-2017,42864,1171.969971,1180.5,1166.280029,1176.280029,1104.326294,1790270
10-05-2017,42865,1177.5,1178.069946,1158,1166.219971,1094.881714,1206388
11-05-2017,42866,1173.650024,1180,1161.380005,1174.719971,1102.861816,2071302
12-05-2017,42867,1171.650024,1184.949951,1160.030029,1180.319946,1108.119141,2314446
15-05-2017,42870,1187.550049,1188.969971,1170.800049,1182.550049,1110.213013,1817604
16-05-2017,42871,1190,1217.5,1186.719971,1214.569946,1140.27417,3601026
17-05-2017,42872,1216.75,1230.380005,1211.5,1227.680054,1152.582153,2876198
18-05-2017,42873,1225,1286,1221.119995,1268.099976,1190.529785,5138594
19-05-2017,42874,1268.099976,1270.280029,1243,1253.569946,1176.888672,1786044
22-05-2017,42877,1255,1276.880005,1255,1265.680054,1188.257813,1663940
23-05-2017,42878,1266.599976,1282.069946,1257,1260.849976,1183.723022,2748596
24-05-2017,42879,1267.400024,1285,1264.819946,1279.569946,1201.298096,2534548
25-05-2017,42880,1288.5,1318.780029,1284,1312.300049,1232.026001,4094094
26-05-2017,42881,1312.5,1313.430054,1282.319946,1289.119995,1210.263916,1362550
29-05-2017,42884,1289.5,1298.25,1282,1286.430054,1207.738647,1749290
30-05-2017,42885,1280,1287.969971,1262.5,1275.550049,1197.52417,927634
31-05-2017,42886,1266.5,1286.25,1264,1273.300049,1195.411987,2502730
01-06-2017,42887,1265,1282,1265,1276.800049,1198.697754,1080064
02-06-2017,42888,1278.119995,1295.930054,1276.25,1282.449951,1204.001953,1355648
05-06-2017,42891,1282.5,1309.949951,1280.069946,1301.969971,1222.327881,1500188
06-06-2017,42892,1315.5,1354.469971,1315,1348,1265.542358,5946720
07-06-2017,42893,1348.5,1350,1288.280029,1307.619995,1227.632446,4927776
08-06-2017,42894,1299,1302.469971,1257.75,1260.800049,1183.676514,3330714
09-06-2017,42895,1260,1273.699951,1243,1253.5,1176.822876,3148034
12-06-2017,42898,1248.5,1256.449951,1235.199951,1243.599976,1167.528564,1626506
13-06-2017,42899,1232.5,1240.550049,1223.5,1225.780029,1176.822021,1175414
14-06-2017,42900,1227.5,1238,1227.5,1235.099976,1185.769531,1489142
15-06-2017,42901,1234.5,1234.849976,1202.5,1205.599976,1157.447876,2997198
16-06-2017,42902,1207.469971,1217.5,1193.25,1199.849976,1151.92749,2450426
19-06-2017,42905,1208.449951,1223.180054,1202.569946,1215.849976,1167.28833,1644742
20-06-2017,42906,1215.5,1224.5,1190.150024,1222.5,1173.672729,1670958
21-06-2017,42907,1220,1221.069946,1198.599976,1203.150024,1155.095581,1657818
22-06-2017,42908,1204.5,1215.5,1192.5,1197.430054,1149.604004,5775882
23-06-2017,42909,1199.699951,1206.969971,1177,1180.849976,1133.686401,1424756
27-06-2017,42913,1175.300049,1192.349976,1165.800049,1171.430054,1124.6427,1974330
28-06-2017,42914,1174.949951,1179,1167.5,1175.030029,1128.098877,1789726
29-06-2017,42915,1179.5,1186.030029,1161.550049,1166.619995,1120.024658,2471826
30-06-2017,42916,1162.199951,1188.5,1161.550049,1181.180054,1134.003174,1753848
03-07-2017,42919,1178.699951,1191.530029,1171.550049,1186.800049,1139.398804,1475956
04-07-2017,42920,1186.650024,1190.219971,1175.030029,1183.430054,1136.163452,1215134
05-07-2017,42921,1180.400024,1182.5,1172.5,1178,1130.950195,815856
06-07-2017,42922,1179.5,1180.949951,1170.050049,1173.780029,1126.898804,1026788
07-07-2017,42923,1175,1178.219971,1162.75,1165.969971,1119.400635,1232090
10-07-2017,42926,1203,1222.449951,1189.469971,1217.469971,1168.84375,783608
11-07-2017,42927,1213,1257.400024,1213,1237.900024,1188.457886,3537504
12-07-2017,42928,1241.25,1241.650024,1215.050049,1219.719971,1171.003906,2646450
13-07-2017,42929,1222.5,1236,1213.300049,1223.199951,1174.344971,3131960
14-07-2017,42930,1191.5,1212.5,1187.5,1198.719971,1150.842651,4508432
17-07-2017,42933,1198.849976,1211.050049,1191.099976,1197.719971,1149.882568,2211822
18-07-2017,42934,1198.069946,1221.5,1198.069946,1204.180054,1156.084595,1908002
19-07-2017,42935,1207.75,1230,1207.550049,1224.800049,1175.881104,3915576
20-07-2017,42936,1224.619995,1228.449951,1215.25,1222.349976,1173.528931,1182504
21-07-2017,42937,1217.449951,1250,1217.280029,1245.599976,1195.850098,2148416
24-07-2017,42940,1241,1270,1241,1265.349976,1221.67688,2271402
25-07-2017,42941,1262.880005,1290,1259.199951,1285.75,1241.372803,2678832
26-07-2017,42942,1280,1287.5,1273.5,1278,1233.890503,1459826
27-07-2017,42943,1271.099976,1292.400024,1233.25,1240.849976,1198.022461,4255304
28-07-2017,42944,1240.5,1246.530029,1221,1242.150024,1199.277832,1382752
31-07-2017,42947,1235.5,1259.5,1231.5,1245.900024,1202.898193,2019662
01-08-2017,42948,1250,1260.380005,1245.5,1250.819946,1207.648315,1747460
02-08-2017,42949,1250,1254,1231,1236.900024,1194.20874,1251024
03-08-2017,42950,1240,1251,1233.219971,1244.719971,1201.759033,1882548
04-08-2017,42951,1245.400024,1264.150024,1244,1261.400024,1217.863281,1387890
07-08-2017,42954,1258.25,1260,1240.599976,1251.719971,1208.517334,1885520
08-08-2017,42955,1256,1264.300049,1248.150024,1251.530029,1208.333984,1073958
09-08-2017,42956,1250,1261.430054,1246.650024,1256,1212.649536,992946
10-08-2017,42957,1254.5,1260.300049,1243.180054,1255.719971,1212.379395,1526172
11-08-2017,42958,1249.949951,1267.5,1241.5,1248.030029,1204.954834,1394736
14-08-2017,42961,1251.5,1254.949951,1231.5,1234.699951,1192.084961,786504
16-08-2017,42963,1242,1271.900024,1232.599976,1246.180054,1203.168579,1373340
17-08-2017,42964,1250.349976,1252.5,1231.050049,1242.819946,1199.924561,1752374
18-08-2017,42965,1237,1274.949951,1235.699951,1256.900024,1213.518433,2837356
21-08-2017,42968,1252.75,1274.5,1247.150024,1264.400024,1220.759521,2304834
22-08-2017,42969,1261.5,1269.75,1246,1248.780029,1205.678955,1131326
23-08-2017,42970,1252.5,1258.400024,1236.569946,1244.719971,1201.759033,1562272
24-08-2017,42971,1248.849976,1258.969971,1243.069946,1248.300049,1205.215332,1623908
28-08-2017,42975,1252.300049,1252.699951,1230.5,1243.650024,1200.72583,2036796
29-08-2017,42976,1241,1248,1231.969971,1235.430054,1192.789795,1312602
30-08-2017,42977,1240.5,1245,1230.050049,1242.280029,1199.403198,970782
31-08-2017,42978,1242.5,1252.199951,1233.319946,1248.180054,1205.099487,1784664
01-09-2017,42979,1240,1249.030029,1218.280029,1228.219971,1185.828369,1702330
04-09-2017,42982,1226.550049,1230.5,1219,1228.099976,1185.712646,1062544
05-09-2017,42983,1230,1245,1218.530029,1242.180054,1199.306519,1165994
06-09-2017,42984,1234.069946,1237.430054,1225,1226.599976,1184.264282,1228764
07-09-2017,42985,1229,1234.199951,1225.530029,1230.050049,1187.595337,870636
08-09-2017,42986,1226.880005,1237,1226.280029,1235.300049,1192.664063,1021134
11-09-2017,42989,1235.599976,1241.469971,1225,1227.219971,1184.862793,732764
12-09-2017,42990,1236.949951,1248.5,1228.5,1244.219971,1201.276245,1396460
13-09-2017,42991,1250,1265.819946,1237.599976,1244.599976,1201.643066,1278980
14-09-2017,42992,1241,1248.800049,1235.949951,1243.469971,1200.552246,1081510
15-09-2017,42993,1249.5,1258.5,1242.5,1253.030029,1209.782227,2944072
18-09-2017,42996,1252.469971,1259.469971,1244.619995,1249.530029,1206.402954,726600
19-09-2017,42997,1252.5,1252.5,1245.75,1249.119995,1206.007202,782754
20-09-2017,42998,1257,1257,1237.150024,1246.780029,1203.748047,1334642
21-09-2017,42999,1245.530029,1270.5,1240,1262.449951,1218.876953,2438740
22-09-2017,43000,1259.949951,1263.449951,1246,1251.800049,1208.594727,2435396
25-09-2017,43003,1248.280029,1267,1246.380005,1255.380005,1212.051025,1599558
26-09-2017,43004,1255,1263.199951,1233,1237.319946,1194.614136,1449230
27-09-2017,43005,1245,1256.099976,1236.880005,1247.5,1204.442871,2010356
28-09-2017,43006,1247.349976,1257,1226,1238.219971,1195.483154,4332866
29-09-2017,43007,1239.5,1242,1210.75,1217.969971,1175.932129,1985014
03-10-2017,43011,1220,1227.150024,1213.530029,1224.219971,1181.966431,1923006
04-10-2017,43012,1224.800049,1227,1212.5,1221.150024,1179.002441,1300778
05-10-2017,43013,1220.5,1221.719971,1212.199951,1214.800049,1172.871704,1684686
06-10-2017,43014,1215,1227.5,1214.030029,1223.319946,1181.097656,1389188
09-10-2017,43017,1220.530029,1233.969971,1220.530029,1227.050049,1184.69873,1773616
10-10-2017,43018,1227.5,1234.969971,1225.619995,1229.619995,1187.180176,1222010
11-10-2017,43019,1230,1257.219971,1228.380005,1250.180054,1207.030518,1527746
12-10-2017,43020,1256.5,1277.5,1253.5,1274.099976,1230.124756,5006356
13-10-2017,43021,1274.099976,1304.469971,1261.5,1279.300049,1235.145386,4066320
16-10-2017,43024,1277.530029,1295,1277.530029,1292.199951,1247.600098,1218590
17-10-2017,43025,1292.5,1307.469971,1288.780029,1297.280029,1252.504883,1443016
18-10-2017,43026,1297.5,1306.819946,1290,1293.300049,1248.662354,1514144
19-10-2017,43027,1296,1297.900024,1285.5,1291.949951,1247.358765,86822
23-10-2017,43031,1292,1314.5,1273.719971,1293.949951,1249.289795,1886088
24-10-2017,43032,1310,1310.449951,1284.530029,1289.199951,1244.703735,1339020
25-10-2017,43033,1289.25,1307,1277.5,1279.949951,1242.519409,1105106
26-10-2017,43034,1267.550049,1284.569946,1258.949951,1269.430054,1232.307251,3007552
27-10-2017,43035,1269,1296.569946,1265.150024,1292.150024,1254.362793,1409270
30-10-2017,43038,1293,1310,1290.849976,1308.099976,1269.846191,1137252
31-10-2017,43039,1300.650024,1320,1300.650024,1312,1273.632324,1592634
01-11-2017,43040,1312,1313.430054,1289.430054,1301.430054,1263.371338,741882
02-11-2017,43041,1304.25,1337,1303.380005,1313.069946,1274.670898,1468422
03-11-2017,43042,1316.199951,1318.349976,1301.400024,1310.050049,1271.739258,666886
06-11-2017,43045,1310,1335.900024,1305.880005,1332.780029,1293.804565,1377000
07-11-2017,43046,1335,1384,1333.030029,1355.030029,1315.404053,2696892
08-11-2017,43047,1361.5,1379.5,1359.119995,1367.5,1327.509277,1402252
09-11-2017,43048,1375,1375,1359.650024,1368.199951,1328.188721,1152432
10-11-2017,43049,1361.099976,1363,1346.680054,1354.380005,1314.772949,1356566
13-11-2017,43052,1351.030029,1388.699951,1351.030029,1379.469971,1339.129272,1496996
14-11-2017,43053,1378.280029,1378.280029,1353.75,1357.300049,1317.607544,1657252
15-11-2017,43054,1353,1377.5,1350.680054,1352.650024,1313.093628,6670834
16-11-2017,43055,1355,1381.5,1343.469971,1373.319946,1333.159058,1653482
17-11-2017,43056,1374.050049,1374.050049,1351.800049,1353.650024,1314.064453,1325464
20-11-2017,43059,1357.5,1363.449951,1347.650024,1351.719971,1312.190674,1014498
21-11-2017,43060,1350.5,1350.5,1333,1336.469971,1297.386719,1527740
22-11-2017,43061,1336.5,1354.849976,1336.199951,1340.319946,1301.124146,1822624
23-11-2017,43062,1340.5,1346.5,1334.5,1340.619995,1301.415283,793470
24-11-2017,43063,1341,1351.449951,1336.550049,1344.030029,1304.725586,2287512
27-11-2017,43066,1344,1347.949951,1331.099976,1342.930054,1303.657959,1856786
28-11-2017,43067,1343,1351.199951,1335,1342.650024,1303.38623,911716
29-11-2017,43068,1338.75,1346.5,1325,1329.069946,1290.203125,1447532
30-11-2017,43069,1326.819946,1333.469971,1311.5,1318.5,1279.942261,4299962
01-12-2017,43070,1317.5,1334,1310.75,1314.969971,1276.515381,1031144
04-12-2017,43073,1311,1329.25,1301.469971,1316.180054,1277.690186,1259104
05-12-2017,43074,1315.5,1325.849976,1314.069946,1317.780029,1279.243286,1167914
06-12-2017,43075,1318,1322.5,1306.430054,1316.650024,1278.146362,1407518
07-12-2017,43076,1316.150024,1322.969971,1307.5,1308.619995,1270.351074,1326300
08-12-2017,43077,1309,1322.5,1298.5,1300.75,1262.711182,1385548
11-12-2017,43080,1304.180054,1336.319946,1304.180054,1330.550049,1291.640015,1008002
12-12-2017,43081,1330.5,1331,1303.699951,1306.069946,1267.87561,1882246
13-12-2017,43082,1305.699951,1325.719971,1300.5,1314.199951,1275.767822,2961458
14-12-2017,43083,1316,1316,1265.550049,1278.900024,1241.500244,5504150
15-12-2017,43084,1281.880005,1292.219971,1268.430054,1272.800049,1235.578613,2718138
18-12-2017,43087,1268.5,1294.469971,1247.180054,1290.25,1252.518311,2180664
19-12-2017,43088,1288,1298.900024,1282.349976,1287.650024,1249.994507,1801952
20-12-2017,43089,1291,1296.380005,1275.319946,1294.469971,1256.614868,1577570
21-12-2017,43090,1293.5,1304,1290.030029,1297.849976,1259.89624,1293648
22-12-2017,43091,1302,1331.949951,1295.099976,1323.380005,1284.679565,3665664
26-12-2017,43095,1343,1344.880005,1315.800049,1324.719971,1285.980225,2175786
27-12-2017,43096,1324.719971,1329.25,1305.25,1309.949951,1271.642334,739284
28-12-2017,43097,1304.400024,1326.75,1302.819946,1313.469971,1275.059204,2605088
29-12-2017,43098,1311.550049,1354.449951,1309.280029,1350.599976,1311.103271,2609542
01-01-2018,43101,1341.150024,1347.400024,1317.5,1322.800049,1284.116577,1351760
02-01-2018,43102,1330,1334.800049,1310.099976,1315.599976,1277.127197,1920290
03-01-2018,43103,1316,1334.5,1315.599976,1319.319946,1280.738037,1257120
04-01-2018,43104,1325,1331,1320,1328.550049,1289.698486,913082
05-01-2018,43105,1325,1349.75,1325,1344.599976,1305.279053,1153706
08-01-2018,43108,1350,1363.430054,1340.930054,1357.199951,1317.510498,1242220
09-01-2018,43109,1357.5,1360.5,1338.280029,1354.5,1314.889404,2149396
10-01-2018,43110,1355.5,1408,1347.319946,1403.300049,1362.262329,3365850
11-01-2018,43111,1405,1410.949951,1391.099976,1395.25,1354.447754,2520744
12-01-2018,43112,1402.5,1402.5,1370.280029,1388.180054,1347.584351,3360314
15-01-2018,43115,1388.569946,1404,1367.530029,1373.050049,1332.896851,1457214
16-01-2018,43116,1378,1430.819946,1375.280029,1425.430054,1383.745117,4267752
17-01-2018,43117,1435,1462.5,1431.069946,1444.469971,1402.228516,4280806
18-01-2018,43118,1448.5,1466.5,1434.030029,1459.099976,1416.430664,2209478
19-01-2018,43119,1465.280029,1491,1451.819946,1479.650024,1436.379639,1820000
22-01-2018,43122,1480.5,1567.349976,1461,1558.199951,1519.82251,4367110
23-01-2018,43123,1557.469971,1571.180054,1545.030029,1551,1512.799927,3239610
24-01-2018,43124,1545,1629.530029,1541.319946,1587.300049,1548.205933,5621538
25-01-2018,43125,1587.5,1589.900024,1540.5,1560.530029,1522.095215,3833844
29-01-2018,43129,1565.699951,1612.5,1561,1599.430054,1560.037109,3141060
30-01-2018,43130,1590,1601.900024,1571.849976,1576.430054,1537.603516,1574758
31-01-2018,43131,1568.5,1575,1549.300049,1556.180054,1517.852295,3043214
01-02-2018,43132,1562,1595,1544.400024,1569.300049,1530.64917,2400630
02-02-2018,43133,1560,1595,1551.719971,1576.819946,1537.983887,2456490
05-02-2018,43136,1555,1594,1538.430054,1551.599976,1513.385132,2757742
06-02-2018,43137,1505,1538.569946,1492.5,1498.619995,1461.709961,2657306
07-02-2018,43138,1513.5,1515.5,1473.719971,1477.530029,1441.139282,2180324
08-02-2018,43139,1489.880005,1513.800049,1479.5,1487.099976,1450.473633,2755004
09-02-2018,43140,1475,1497,1448.319946,1485.849976,1449.254395,2102458
12-02-2018,43143,1489.150024,1511.680054,1477.780029,1483.650024,1447.108521,1974562
14-02-2018,43145,1485,1487.219971,1446.25,1455.900024,1420.041992,2847532
15-02-2018,43146,1465.969971,1471.5,1452.550049,1462.930054,1426.899048,2465236
16-02-2018,43147,1461.5,1499.800049,1461.5,1466.530029,1430.410278,2515756
19-02-2018,43150,1472.5,1476.650024,1447.599976,1461.800049,1425.796875,1568224
20-02-2018,43151,1464,1492.530029,1463.949951,1472.380005,1436.116211,1889068
21-02-2018,43152,1487,1531.300049,1480.030029,1521.150024,1483.684937,3089228
22-02-2018,43153,1526,1539.5,1511.25,1525.099976,1487.53772,3463010
23-02-2018,43154,1525,1544.5,1496.050049,1537.900024,1500.022461,3362500
26-02-2018,43157,1537.5,1544.969971,1510.599976,1515.849976,1478.515625,1363882
27-02-2018,43158,1520.5,1539.280029,1516,1521.180054,1483.714478,1717800
28-02-2018,43159,1517.5,1531.969971,1510.719971,1517.530029,1480.154297,2706864
01-03-2018,43160,1524.5,1530.599976,1510,1518.849976,1481.441528,1718124
05-03-2018,43164,1524.5,1556.819946,1516.469971,1552.930054,1514.682129,2858168
06-03-2018,43165,1561,1563.5,1515.069946,1521.400024,1483.928833,1906764
07-03-2018,43166,1535,1544.5,1509.25,1513.719971,1476.437866,1917772
08-03-2018,43167,1527.449951,1527.449951,1493.75,1501.969971,1464.977417,1951826
09-03-2018,43168,1502.5,1531.599976,1488.599976,1517.050049,1479.686035,1872436
12-03-2018,43171,1521.5,1541.949951,1517.75,1526.069946,1488.483765,2091340
13-03-2018,43172,1462.449951,1469.849976,1436,1443.400024,1407.849976,88067154
14-03-2018,43173,1446.469971,1461.530029,1437.530029,1443.449951,1407.898804,3668668
15-03-2018,43174,1447.5,1451.280029,1427.800049,1434.849976,1399.51062,2348906
16-03-2018,43175,1434.400024,1436,1402.5,1412.849976,1378.052246,7197482
19-03-2018,43178,1414.5,1424,1410,1415.5,1380.636963,3489940
20-03-2018,43179,1410,1436.599976,1409.5,1432.430054,1397.150146,4024984
21-03-2018,43180,1436.25,1442.150024,1425,1428.380005,1393.199951,3907678
22-03-2018,43181,1429.969971,1437.969971,1411.280029,1415.680054,1380.812744,2326094
23-03-2018,43182,1401,1417.050049,1399.030029,1409.069946,1374.365479,3654122
26-03-2018,43185,1409.5,1413.699951,1390.780029,1408.5,1373.80957,2964210
27-03-2018,43186,1412.5,1431.5,1411.530029,1423.849976,1388.781494,2494574
28-03-2018,43187,1417.949951,1437.5,1412.5,1424.569946,1389.483521,6865654
02-04-2018,43192,1420,1457,1420,1454.819946,1418.988647,1662988
03-04-2018,43193,1446.050049,1464.949951,1446.050049,1455.619995,1419.768799,1937290
04-04-2018,43194,1464.719971,1467,1446,1455.449951,1419.603027,2841820
05-04-2018,43195,1463.280029,1481.880005,1460.180054,1478.969971,1442.543823,1809424
06-04-2018,43196,1477,1480,1463.280029,1475.150024,1438.817749,1129018
09-04-2018,43199,1469.849976,1481.75,1457.5,1461.949951,1425.942993,1235866
10-04-2018,43200,1462.849976,1478.619995,1462.849976,1468.800049,1432.62439,1184532
11-04-2018,43201,1475.300049,1512.5,1472.800049,1507.069946,1469.95166,3124416
12-04-2018,43202,1505,1575,1503.969971,1569.619995,1530.961182,6114360
13-04-2018,43203,1575,1620.400024,1566.050049,1576.650024,1537.818115,8179118
16-04-2018,43206,1558,1599.969971,1555.380005,1593.819946,1554.565186,6270274
17-04-2018,43207,1593.819946,1597.469971,1573.599976,1583.300049,1544.304199,3301724
18-04-2018,43208,1583,1596.719971,1572.930054,1579.550049,1540.646606,2433066
19-04-2018,43209,1589.949951,1608.599976,1582.880005,1595.569946,1556.272217,4820952
20-04-2018,43210,1625,1711.180054,1620,1701.219971,1659.320068,18465662
23-04-2018,43213,1712,1778.949951,1694.780029,1704.319946,1662.343628,15185910
24-04-2018,43214,1705,1721.569946,1671.25,1692.819946,1651.126831,8314336
25-04-2018,43215,1692.5,1741.5,1682.530029,1735.119995,1692.38501,8196574
26-04-2018,43216,1733.5,1780,1733.5,1769.619995,1726.035278,12135034
27-04-2018,43217,1762.5,1772,1710,1725.969971,1683.460327,4501330
30-04-2018,43220,1725.969971,1774.5,1718.800049,1766.050049,1722.553223,3458558
02-05-2018,43222,1765.25,1766.099976,1735.650024,1749.880005,1706.781616,3158046
03-05-2018,43223,1754.900024,1763,1735.199951,1740.930054,1698.052002,3761550
04-05-2018,43224,1746,1748.5,1735,1740.380005,1697.515625,2347244
07-05-2018,43227,1745,1745,1705.449951,1710.469971,1668.342285,3484426
08-05-2018,43228,1717.349976,1743.25,1698.349976,1720.599976,1678.222656,2992820
09-05-2018,43229,1720.099976,1747.380005,1720.099976,1744.650024,1701.680298,2615050
10-05-2018,43230,1751.469971,1755.569946,1720.099976,1725.619995,1683.119141,3858678
11-05-2018,43231,1727.099976,1742.5,1721.25,1728.469971,1685.898804,2627876
14-05-2018,43234,1728.5,1735.5,1705.400024,1716.780029,1674.496826,2433894
15-05-2018,43235,1725,1747.900024,1716.849976,1741.199951,1698.315308,1952890
16-05-2018,43236,1739.969971,1754.5,1737.619995,1746.949951,1703.923706,1648450
17-05-2018,43237,1756.469971,1766.569946,1738,1745.900024,1702.899658,2968048
18-05-2018,43238,1740.400024,1758.849976,1729,1751.030029,1707.903198,1874996
21-05-2018,43241,1764.349976,1796,1759.030029,1778.380005,1734.57959,3446178
22-05-2018,43242,1779,1787.469971,1746.849976,1754.449951,1711.238892,1857416
23-05-2018,43243,1762.5,1772.5,1740.5,1747.550049,1704.508911,1507298
24-05-2018,43244,1755,1807.5,1751.180054,1801.849976,1757.471558,2962316
25-05-2018,43245,1812.5,1837.400024,1786.280029,1792.900024,1748.742188,3769772
28-05-2018,43248,1808.25,1808.25,1743,1751.030029,1707.903198,3716798
29-05-2018,43249,1764.949951,1772,1744,1761.75,1718.359131,3525312
30-05-2018,43250,1754.530029,1766.5,1741.25,1757.050049,1713.774902,3779106
31-05-2018,43251,1734,1759.050049,1726.099976,1741.050049,1712.299805,5049371
01-06-2018,43252,1754,1757.5,1716.300049,1732.449951,1703.841675,1603856
04-06-2018,43255,1745,1749,1712.599976,1744.25,1715.446899,1681483
05-06-2018,43256,1744,1751.900024,1711.150024,1721.599976,1693.170776,2449568
06-06-2018,43257,1723,1734.900024,1715.199951,1725.75,1697.252319,2236512
07-06-2018,43258,1725,1749,1723.800049,1735.550049,1706.890625,2414762
08-06-2018,43259,1735,1757.300049,1735,1747.099976,1718.249634,2582138
11-06-2018,43262,1747.099976,1763,1743,1749.699951,1720.806885,2179378
12-06-2018,43263,1757,1785,1753,1781,1751.589966,4608875
13-06-2018,43264,1816,1831.650024,1798,1824.099976,1793.978271,5370983
14-06-2018,43265,1830,1832.300049,1784,1787.550049,1758.031738,3819998
15-06-2018,43266,1800,1847.099976,1788.599976,1840.050049,1809.664917,9183574
18-06-2018,43269,1867.949951,1867.949951,1822.150024,1829,1798.797363,4674987
19-06-2018,43270,1822.150024,1839,1821,1824.5,1794.371582,3245034
20-06-2018,43271,1832,1836.300049,1818.599976,1822.449951,1792.355347,3107695
21-06-2018,43272,1832,1832,1817.599976,1819.349976,1789.306641,2910659
22-06-2018,43273,1827,1827,1799.550049,1809.800049,1779.914551,2949458
25-06-2018,43276,1811.900024,1822.349976,1806,1819.25,1789.208374,2083217
26-06-2018,43277,1823,1861,1821,1852,1821.417603,4679712
27-06-2018,43278,1860,1885.150024,1851.25,1858,1827.318481,4081208
28-06-2018,43279,1865,1871,1826.300049,1842.699951,1812.270996,4888125
29-06-2018,43280,1844.900024,1867.400024,1842.300049,1847.75,1817.237793,3506276
02-07-2018,43283,1852,1857.800049,1841.099976,1851.349976,1820.77832,2650290
03-07-2018,43284,1859.949951,1879.900024,1857.050049,1874.050049,1843.103394,3242233
04-07-2018,43285,1879.900024,1879.900024,1857.150024,1866.150024,1835.333984,2700614
05-07-2018,43286,1873,1887.5,1862.099976,1880.300049,1849.250122,2472571
06-07-2018,43287,1882.849976,1921,1881.650024,1912.949951,1881.360962,3713781
09-07-2018,43290,1924,1924.400024,1876.5,1883,1851.905518,6151747
10-07-2018,43291,1898,1898.900024,1870.75,1875.099976,1844.135986,5303302
11-07-2018,43292,1900,1998,1894.150024,1979.900024,1947.205566,22903802
12-07-2018,43293,1984,1990.900024,1960.5,1971.349976,1938.796631,6921701
13-07-2018,43294,1975,1997.900024,1974,1981.099976,1948.385742,4148185
16-07-2018,43297,1990,1996,1977.449951,1989.199951,1956.351929,2582159
17-07-2018,43298,1989,2009,1981,2002.150024,1973.055664,3315492
18-07-2018,43299,2005,2011.699951,1993.050049,2000.25,1971.183228,2013869
19-07-2018,43300,2002.099976,2010.449951,1970,1981.400024,1952.607178,1746318
20-07-2018,43301,1984.900024,2000,1984,1996.599976,1967.586304,1934995
23-07-2018,43304,2001,2009.949951,1986,2005.650024,1976.504761,2086201
24-07-2018,43305,2015,2015,1984.150024,1999,1969.951416,2038423
25-07-2018,43306,2001.900024,2002,1968.400024,1981.5,1952.705688,1535492
26-07-2018,43307,1974.949951,1985,1955.099976,1964.699951,1936.149902,3503036
27-07-2018,43308,1960.849976,1964.650024,1940.300049,1943.75,1915.504272,2033977
30-07-2018,43311,1943,1954.699951,1931.550049,1944.599976,1916.342041,1579251
31-07-2018,43312,1942,1947,1928,1940.199951,1912.005859,2204803
01-08-2018,43313,1949.949951,1981.550049,1949.800049,1976.5,1947.778442,2425180
02-08-2018,43314,1980,1985,1945,1948.400024,1920.086792,1509287
03-08-2018,43315,1956.5,1982.050049,1956.5,1979.449951,1950.685425,1505131
06-08-2018,43318,1997,1998.949951,1972.25,1975.550049,1946.842163,1532249
07-08-2018,43319,1978.199951,1979.150024,1960.5,1967.349976,1938.761353,1353560
08-08-2018,43320,1972,1978.300049,1962,1974,1945.314819,1315062
09-08-2018,43321,1980,1980.800049,1966,1974.349976,1945.659668,2060297
10-08-2018,43322,1980.949951,1996.5,1972.050049,1993.099976,1964.137085,2784105
13-08-2018,43325,1997.800049,2004.25,1990,2000.150024,1971.084717,3559575
14-08-2018,43326,1992,2024.599976,1982.400024,2003.550049,1974.435303,3311765
16-08-2018,43328,2000.300049,2020.050049,1995,2008.5,1979.313354,2152065
17-08-2018,43329,2013.849976,2021.900024,2004,2012.75,1983.501709,1213731
20-08-2018,43332,2024,2024,2003.699951,2009.949951,1980.742188,1587032
21-08-2018,43333,2010.150024,2024,2004,2017.650024,1988.330444,1376866
23-08-2018,43335,2022.800049,2038,2020.300049,2035.099976,2005.526855,3046791
24-08-2018,43336,2035.099976,2046,2031,2043,2013.312134,1570533
27-08-2018,43339,2043,2059,2035,2050.899902,2021.097046,1532702
28-08-2018,43340,2055,2072,2052,2069.199951,2039.131104,1987983
29-08-2018,43341,2072.5,2076.600098,2045.599976,2072,2041.890747,1525867
30-08-2018,43342,2068,2085,2065.5,2082.399902,2052.139648,2408020
31-08-2018,43343,2082.300049,2092,2074,2078.399902,2048.197754,2504554
03-09-2018,43346,2084.800049,2090,2048.399902,2052.899902,2023.067993,1439711
04-09-2018,43347,2059.800049,2104.75,2056.949951,2098.899902,2068.399658,4420803
05-09-2018,43348,2100,2107.25,2075.050049,2079.25,2049.035156,1681106
06-09-2018,43349,2075,2081.5,2060.300049,2075.300049,2045.142578,2238097
07-09-2018,43350,2079.300049,2084,2065.399902,2079.850098,2049.626709,1312182
10-09-2018,43353,2084.399902,2093.399902,2074.25,2080.75,2050.513428,1530539
11-09-2018,43354,2089,2089,2042.199951,2046.25,2016.514893,3679745
12-09-2018,43355,2052.350098,2068.899902,2040,2043.949951,2014.248169,2307661
14-09-2018,43357,2044,2071.550049,2018.150024,2065.399902,2035.386597,3642038
17-09-2018,43360,2070,2077.800049,2054.550049,2074.149902,2044.009277,1033857
18-09-2018,43361,2073,2078.800049,2057.600098,2070.75,2040.658936,1456507
19-09-2018,43362,2071.899902,2089,2066.850098,2077.899902,2047.704834,1301268
21-09-2018,43364,2077,2121,2050.149902,2103.149902,2072.587891,4508530
24-09-2018,43367,2115,2210.5,2098.149902,2198.449951,2166.50293,3032226
25-09-2018,43368,2204.899902,2211.899902,2153.800049,2183.199951,2151.474854,2868778
26-09-2018,43369,2187,2199,2135.100098,2142.149902,2111.02124,1970951
27-09-2018,43370,2141.899902,2209.699951,2135.800049,2188.850098,2157.042969,3311802
28-09-2018,43371,2178,2190,2158.850098,2183.699951,2151.967285,2904371
01-10-2018,43374,2190.899902,2275.949951,2190.350098,2255.550049,2222.773438,3772208
03-10-2018,43376,2250.300049,2255,2155.600098,2162.850098,2131.420654,3902322
04-10-2018,43377,2156.600098,2156.649902,2056.350098,2064.800049,2034.795288,4762419
05-10-2018,43378,2050,2120,2020.900024,2102.649902,2072.094971,3417624
08-10-2018,43381,2102.649902,2122.199951,2048.149902,2077.550049,2047.360107,2010154
09-10-2018,43382,2080.350098,2107.649902,2053.199951,2091.800049,2061.402832,1867130
10-10-2018,43383,2100,2105.949951,2029,2043.599976,2013.903198,2749573
11-10-2018,43384,1985,2013,1941,1979.949951,1951.178101,4700256
12-10-2018,43385,1978,1978,1903,1918.300049,1890.424194,9373289
15-10-2018,43388,1940,1955.550049,1920,1949.5,1921.170776,2638151
16-10-2018,43389,1958,1971.900024,1935,1962.300049,1933.784912,2815425
17-10-2018,43390,1970,1989,1920,1929.400024,1901.362915,2779207
19-10-2018,43392,1929,1929,1870.050049,1913.199951,1885.398071,3428776
22-10-2018,43395,1914,1916,1886.949951,1903,1875.346558,1778496
23-10-2018,43396,1888,1898,1837,1843.650024,1820.686035,2752811
24-10-2018,43397,1852.050049,1874,1811.099976,1848.5,1825.475586,2735913
25-10-2018,43398,1844,1876.900024,1825.050049,1853,1829.919434,2507233
26-10-2018,43399,1853.900024,1853.900024,1791.099976,1799.099976,1776.690796,2285970
29-10-2018,43402,1808.699951,1877.949951,1784.349976,1871,1847.69519,2609483
30-10-2018,43403,1867,1909.400024,1845,1894.800049,1871.198853,2404883
31-10-2018,43404,1900,1943.900024,1875.449951,1938.150024,1914.008911,2769190
01-11-2018,43405,1943.650024,1944.349976,1901.300049,1935.75,1911.638794,2769759
02-11-2018,43406,1934.199951,1954.599976,1905,1913.449951,1889.616577,1818635
05-11-2018,43409,1910,1927.349976,1884.75,1890.849976,1867.297974,1713366
06-11-2018,43410,1894,1937.5,1891,1932.699951,1908.626709,1398710
07-11-2018,43411,1940,1949,1937,1942.150024,1917.959106,144530
09-11-2018,43413,1961,1961.949951,1905,1909.199951,1885.419434,2570479
12-11-2018,43416,1908.5,1946.099976,1908.5,1914.849976,1890.999023,2552008
13-11-2018,43417,1915,1939,1903,1934.949951,1910.848633,1418430
14-11-2018,43418,1925,1929.900024,1870,1880.650024,1857.224976,2422318
15-11-2018,43419,1864,1899,1857.599976,1872.849976,1849.522217,1829123
16-11-2018,43420,1889,1899.800049,1870.25,1886.599976,1863.100952,1829729
19-11-2018,43423,1899,1907.349976,1864.300049,1902.449951,1878.753418,1740628
20-11-2018,43424,1902,1902,1874.199951,1878.25,1854.854858,1190182
21-11-2018,43425,1871,1871.050049,1798.550049,1812,1789.430176,3840461
22-11-2018,43426,1820,1847.599976,1809.949951,1812.550049,1789.973389,3194219
26-11-2018,43430,1819,1860,1784.5,1846.099976,1823.105469,4333177
27-11-2018,43431,1854,1897.900024,1835.349976,1890.25,1866.705566,3344839
28-11-2018,43432,1889,1989,1882.5,1983.900024,1959.189087,5313249
29-11-2018,43433,1997,1997,1942.550049,1960.550049,1936.129761,4035441
30-11-2018,43434,1966,1991,1959.849976,1968.25,1943.733887,5268901
03-12-2018,43437,1984,1990,1968.300049,1982.400024,1957.707642,1610576
04-12-2018,43438,1983,2019.400024,1971,2010.849976,1985.803223,3270615
05-12-2018,43439,2006,2018,1985,2006.75,1981.754395,2501539
06-12-2018,43440,1998,2017,1979.599976,1992.699951,1967.879395,2321216
07-12-2018,43441,1985.050049,2003.900024,1973,1995.199951,1970.348145,1680420
10-12-2018,43444,1975,2011,1960,1975.800049,1951.189941,2010786
11-12-2018,43445,1970,2010,1961,2000,1975.088501,2942014
12-12-2018,43446,2001.099976,2022,1984.949951,2016.800049,1991.679321,2219993
13-12-2018,43447,2024,2029.699951,1974.5,1982.599976,1957.905151,3748429
14-12-2018,43448,1983,1998.949951,1975.25,1989.75,1964.966187,2473761
17-12-2018,43451,1999,2004.900024,1985,1994.300049,1969.459595,1227921
18-12-2018,43452,1991.900024,2002,1976.400024,1987.849976,1963.089722,1768742
19-12-2018,43453,1984.800049,1984.800049,1960.050049,1968.449951,1943.931396,2498833
20-12-2018,43454,1953.800049,1974.900024,1946,1954.050049,1929.710815,1940277
21-12-2018,43455,1948,1950,1886.550049,1895.800049,1872.186401,3729956
24-12-2018,43458,1905.800049,1938.900024,1905,1918.5,1894.603516,1864116
26-12-2018,43460,1921.800049,1921.800049,1870.25,1889.199951,1865.668457,2446614
27-12-2018,43461,1909,1941.699951,1872.099976,1908.949951,1885.172485,4968201
28-12-2018,43462,1915,1920,1893,1896.050049,1872.433228,2239130
31-12-2018,43465,1908,1909,1886.150024,1893.050049,1869.470581,1879740
01-01-2019,43466,1896,1910,1885,1902.800049,1879.099121,1094883
02-01-2019,43467,1905,1934.449951,1900,1923.300049,1899.343872,2100463
03-01-2019,43468,1919,1944.949951,1893.099976,1899.949951,1876.284668,2611668
04-01-2019,43469,1900,1901.199951,1841,1876.849976,1853.472412,4280862
07-01-2019,43472,1891.800049,1908.800049,1881,1897.900024,1874.260254,1856423
08-01-2019,43473,1905.400024,1906.400024,1883.300049,1893.550049,1869.964478,1691756
09-01-2019,43474,1907.400024,1919,1866.699951,1886.949951,1863.446533,2414376
10-01-2019,43475,1890,1905,1872.099976,1888.550049,1865.026733,3053461
11-01-2019,43476,1870,1875,1835,1842.550049,1819.599731,9209862
14-01-2019,43479,1850,1851,1810,1813.25,1790.664551,3615370
15-01-2019,43480,1810,1869.349976,1808,1867.800049,1844.535034,7711653
16-01-2019,43481,1870,1875,1847,1870.150024,1846.855835,2359280
17-01-2019,43482,1878,1898,1871.300049,1894.300049,1874.714844,2625816
18-01-2019,43483,1881,1904.199951,1876,1900.650024,1880.999146,1683728
21-01-2019,43486,1902,1932,1895.449951,1908.699951,1888.96582,2409803
22-01-2019,43487,1907.099976,1918.25,1890,1901.900024,1882.236206,2457093
23-01-2019,43488,1901,1906.099976,1870,1875.599976,1856.20813,2578169
24-01-2019,43489,1884.800049,1905.25,1875,1901.550049,1881.889893,1962927
25-01-2019,43490,1902,1935,1901,1920.800049,1900.940796,2327080
28-01-2019,43493,1933,1962,1925.5,1955,1934.787109,2769033
29-01-2019,43494,1962,1989.050049,1936.650024,1982.75,1962.250366,2557626
30-01-2019,43495,1979.599976,1989.5,1954.650024,1981.400024,1960.914185,2429575
31-01-2019,43496,1987,2019.75,1985,2014.099976,1993.276123,4094319
01-02-2019,43497,2009.5,2034.75,1998.099976,2029.949951,2008.96228,3064163
04-02-2019,43500,2029.949951,2055.449951,2023,2050.25,2029.052368,1590764
05-02-2019,43501,2050,2055,2028,2044.550049,2023.411377,1111404
06-02-2019,43502,2049.899902,2086.850098,2041.050049,2074.800049,2053.348633,1789812
07-02-2019,43503,2074.75,2097.949951,2067,2082.899902,2061.364746,1339945
08-02-2019,43504,2075,2089.5,2051,2061.399902,2040.087158,1684474
11-02-2019,43507,2060,2096,2048.899902,2065.899902,2044.540527,1778730
12-02-2019,43508,2070,2070,2018,2051.600098,2030.38855,2422903
14-02-2019,43510,2060.050049,2075,2033.050049,2044.599976,2023.460815,1724085
15-02-2019,43511,2049,2052,2010.949951,2029.699951,2008.714722,1930065
18-02-2019,43514,2037.599976,2041.949951,1962.650024,1970.300049,1949.929077,2942184
19-02-2019,43515,1970,1971,1892,1904.800049,1885.106323,4408554
20-02-2019,43516,1915,1933.800049,1881.300049,1914.75,1894.953369,4645778
21-02-2019,43517,1914.75,1940,1897.050049,1914.199951,1894.408936,4683919
22-02-2019,43518,1917.199951,1930,1905.099976,1925.650024,1905.740723,2271955
25-02-2019,43521,1932.5,1990,1930.5,1985.150024,1964.625488,2934880
26-02-2019,43522,1984,2045.150024,1972.25,2038.699951,2017.621826,6453309
27-02-2019,43523,2040,2074.949951,2022,2058.100098,2036.821289,4732082
28-02-2019,43524,2060,2071.350098,1977.599976,1983.449951,1962.942993,8454295
01-03-2019,43525,1995.050049,2005,1980.349976,1995.400024,1974.769531,4148548
05-03-2019,43529,2005,2007,1976.599976,1988.099976,1967.544922,2449622
06-03-2019,43530,1989.300049,2015,1985.050049,1999.599976,1978.926025,2635047
07-03-2019,43531,2005,2024.050049,2000.199951,2013.300049,1992.484375,2539884
08-03-2019,43532,2025,2033,2010.050049,2022.699951,2001.787231,2031071
11-03-2019,43535,2028.900024,2033,2003.650024,2014.800049,1993.968994,3111689
12-03-2019,43536,2014.050049,2024.800049,2003,2012.449951,1991.643188,2658550
13-03-2019,43537,2013,2015.900024,1978.599976,2000.5,1979.816772,1833163
14-03-2019,43538,2004.949951,2007.800049,1981,1987.400024,1966.852295,1905495
15-03-2019,43539,1998.900024,2068.949951,1991,2039.949951,2018.858887,5184318
18-03-2019,43542,2043,2064.600098,2011,2022.800049,2001.88623,2349915
19-03-2019,43543,2030,2030,1995.099976,2022.800049,2001.88623,2373993
20-03-2019,43544,2028,2044.800049,2000,2015.050049,1994.216431,3091165
22-03-2019,43546,2015,2016,1983.300049,2005.650024,1984.913452,3148149
25-03-2019,43549,2007.800049,2007.800049,1977.199951,1984.25,1963.734741,2429205
26-03-2019,43550,1984,1994.949951,1958.050049,1982.650024,1962.151245,2316539
27-03-2019,43551,1994,1998,1961,1967.900024,1947.553833,2266166
28-03-2019,43552,1980,2014.599976,1972.800049,2000.300049,1979.618896,4054489
01-04-2019,43556,2010,2039.949951,2008.25,2031.650024,2010.644775,2095740
02-04-2019,43557,2037.099976,2086,2037,2079.300049,2057.802246,3719663
03-04-2019,43558,2085,2089.600098,2058.100098,2079.300049,2057.802246,2939886
04-04-2019,43559,2078.149902,2079.699951,2007.400024,2014.5,1993.671997,4397518
05-04-2019,43560,2028.650024,2054.399902,2018.800049,2048.300049,2027.122559,3152103
08-04-2019,43563,2059,2075,2032.699951,2070.75,2049.340332,2194294
09-04-2019,43564,2070,2098,2057.649902,2091.5,2069.875732,2690970
10-04-2019,43565,2083,2085.5,2036,2040.25,2019.155762,3313062
11-04-2019,43566,2045,2055,2013.650024,2019.5,1998.620361,3422442
12-04-2019,43567,2038,2039,2007,2014.5,1993.671997,3198471
15-04-2019,43570,2070,2119.800049,2041,2113.300049,2091.450439,9189201
16-04-2019,43571,2120,2155.949951,2115.550049,2131.800049,2109.759277,5771952
18-04-2019,43573,2149.899902,2155,2114.199951,2150.050049,2127.820557,3413728
22-04-2019,43577,2148,2176,2145.600098,2161.449951,2139.102783,2007135
23-04-2019,43578,2163,2165.5,2134.050049,2155.050049,2132.769043,2163524
24-04-2019,43579,2158,2195,2156.100098,2183.449951,2160.875244,3003071
25-04-2019,43580,2175,2205,2168.050049,2195,2172.305664,4211526
26-04-2019,43581,2203,2243.949951,2193.149902,2238.550049,2215.405762,2716958
30-04-2019,43585,2238.550049,2266.949951,2230.100098,2260.350098,2236.980225,3488395
02-05-2019,43587,2255,2259.399902,2211.100098,2215.399902,2192.494873,2457699
03-05-2019,43588,2185,2186.050049,2125,2132,2109.957275,3780886
06-05-2019,43591,2110,2165,2108.5,2157.850098,2135.540039,2891422
07-05-2019,43592,2160.050049,2184.350098,2138.800049,2151.949951,2129.700684,2201696
08-05-2019,43593,2151,2168,2130.399902,2152.850098,2130.591797,1824895
09-05-2019,43594,2145,2184.100098,2136.100098,2172.550049,2150.088135,2264162
10-05-2019,43595,2175,2192,2125.850098,2135.800049,2113.717773,2039633
13-05-2019,43598,2133,2167,2121.649902,2128.75,2106.740723,1701744
14-05-2019,43599,2135,2159.800049,2072.350098,2092.350098,2070.717285,2456110
15-05-2019,43600,2097,2124,2084.5,2095.399902,2073.735596,2346876
16-05-2019,43601,2096,2124,2077.050049,2108.75,2086.947754,1946529
17-05-2019,43602,2112.600098,2135,2090,2095.449951,2073.785156,1947908
20-05-2019,43605,2125,2151.399902,2050,2143.949951,2121.783691,2625116
21-05-2019,43606,2148.050049,2148.699951,2102.550049,2109.75,2087.937256,1863157
22-05-2019,43607,2110,2121.949951,2075,2081.75,2060.226563,2595795
23-05-2019,43608,2098,2115.350098,2050,2054.050049,2032.813232,2541294
24-05-2019,43609,2070,2070,2032.25,2048,2026.825684,2274208
27-05-2019,43612,2054.800049,2068.949951,2040.099976,2055.149902,2033.901611,2329820
28-05-2019,43613,2060,2097.5,2045,2073.75,2052.30957,5872979
29-05-2019,43614,2080,2123.699951,2077.100098,2107.550049,2085.76001,3281320
30-05-2019,43615,2123,2156.550049,2114.399902,2146.300049,2124.109375,4971725
31-05-2019,43616,2160,2204.949951,2152.25,2196.550049,2173.839844,4265370
03-06-2019,43619,2201,2247.649902,2185.649902,2242.300049,2219.116943,3682419
04-06-2019,43620,2224,2224,2175,2183.100098,2178.012939,2408658
06-06-2019,43622,2199,2199,2152,2166.100098,2161.05249,3735467
07-06-2019,43623,2174,2189.800049,2142.100098,2181.75,2176.666016,2659446
10-06-2019,43626,2196.699951,2235.850098,2185.5,2231.5,2226.300049,2080593
11-06-2019,43627,2237,2263.949951,2231,2252.800049,2247.550537,3048937
12-06-2019,43628,2245,2266.899902,2219,2260.899902,2255.631348,2404448
13-06-2019,43629,2264,2285,2243.050049,2254.100098,2248.847412,3320916
14-06-2019,43630,2257.25,2263.100098,2234,2254.5,2249.246582,2131408
17-06-2019,43633,2256,2262,2241.449951,2249.199951,2243.95874,1489497
18-06-2019,43634,2244,2260,2231.199951,2250.850098,2245.60498,1877447
19-06-2019,43635,2255,2276,2243.149902,2259.899902,2254.633789,1652817
20-06-2019,43636,2230,2284,2212,2277.949951,2272.641846,2199377
21-06-2019,43637,2285,2292.5,2242,2249.850098,2244.607422,3871804
24-06-2019,43640,2254.149902,2280,2250.800049,2275.5,2270.19751,1382424
25-06-2019,43641,2270,2274.449951,2250.5,2267.800049,2262.515625,1386077
26-06-2019,43642,2265,2266.800049,2250,2254.199951,2248.947021,1762224
27-06-2019,43643,2255,2264,2241.300049,2252.550049,2247.301025,2813464
28-06-2019,43644,2260,2261.949951,2222.5,2227.199951,2222.01001,2372928
01-07-2019,43647,2235,2255,2206.600098,2239.550049,2234.331299,2769940
02-07-2019,43648,2244.899902,2257,2216.449951,2252.100098,2246.852051,1771746
03-07-2019,43649,2252.199951,2258.800049,2232,2237.649902,2232.435547,1656881
04-07-2019,43650,2234,2252,2230.100098,2242.649902,2237.424072,984140
05-07-2019,43651,2247,2250,2140,2163.100098,2158.05957,4088470
08-07-2019,43654,2149,2188.800049,2132.100098,2175.399902,2170.330811,2788062
09-07-2019,43655,2174,2174.399902,2104.550049,2133.350098,2128.378906,3977224
10-07-2019,43656,2080,2127.850098,2071.300049,2108.199951,2103.287354,6343581
11-07-2019,43657,2128,2129,2086.050049,2102.550049,2097.650635,2400346
12-07-2019,43658,2102.100098,2119.75,2093.100098,2107.600098,2102.688965,1560725
15-07-2019,43661,2125,2153.600098,2098,2145.699951,2140.699951,2900415
16-07-2019,43662,2126,2132.5,2100,2106,2106,2735399
17-07-2019,43663,2108,2125,2092.100098,2117.25,2117.25,1802969
18-07-2019,43664,2116.199951,2116.199951,2060,2065.949951,2065.949951,3072019
